"","Position","Change","ID","VAF"
"1",94,"G>A","Cell_1",0
"2",94,"G>A","Cell_2",0
"3",94,"G>A","Cell_3",0
"4",94,"G>A","Cell_4",0
"5",94,"G>A","Cell_5",0
"6",151,"C>A","Cell_1",0
"7",151,"C>A","Cell_2",0
"8",151,"C>A","Cell_3",0
"9",151,"C>A","Cell_4",0
"10",151,"C>A","Cell_5",0
"11",583,"G>A","Cell_1",0
"12",583,"G>A","Cell_2",0
"13",583,"G>A","Cell_3",0.153846153846154
"14",583,"G>A","Cell_4",0
"15",583,"G>A","Cell_5",0
"16",766,"G>A","Cell_1",0
"17",766,"G>A","Cell_2",0
"18",766,"G>A","Cell_3",0
"19",766,"G>A","Cell_4",0
"20",766,"G>A","Cell_5",0
"21",873,"G>A","Cell_1",0
"22",873,"G>A","Cell_2",0
"23",873,"G>A","Cell_3",0
"24",873,"G>A","Cell_4",0
"25",873,"G>A","Cell_5",0
"26",877,"G>A","Cell_1",0
"27",877,"G>A","Cell_2",0
"28",877,"G>A","Cell_3",0
"29",877,"G>A","Cell_4",0
"30",877,"G>A","Cell_5",0
"31",991,"G>A","Cell_1",0
"32",991,"G>A","Cell_2",0
"33",991,"G>A","Cell_3",0
"34",991,"G>A","Cell_4",0
"35",991,"G>A","Cell_5",0
"36",1018,"G>A","Cell_1",0
"37",1018,"G>A","Cell_2",0
"38",1018,"G>A","Cell_3",0
"39",1018,"G>A","Cell_4",0
"40",1018,"G>A","Cell_5",0
"41",1147,"G>A","Cell_1",0.0212765957446809
"42",1147,"G>A","Cell_2",0.0208333333333333
"43",1147,"G>A","Cell_3",0.105263157894737
"44",1147,"G>A","Cell_4",0
"45",1147,"G>A","Cell_5",0
"46",1315,"G>A","Cell_1",0
"47",1315,"G>A","Cell_2",0
"48",1315,"G>A","Cell_3",0.285714285714286
"49",1315,"G>A","Cell_4",0
"50",1315,"G>A","Cell_5",0
"51",1401,"G>A","Cell_1",0
"52",1401,"G>A","Cell_2",0
"53",1401,"G>A","Cell_3",0
"54",1401,"G>A","Cell_4",0
"55",1401,"G>A","Cell_5",0
"56",1415,"G>A","Cell_1",0
"57",1415,"G>A","Cell_2",0
"58",1415,"G>A","Cell_3",0.2
"59",1415,"G>A","Cell_4",0.02
"60",1415,"G>A","Cell_5",0
"61",1429,"C>A","Cell_1",0
"62",1429,"C>A","Cell_2",0
"63",1429,"C>A","Cell_3",0
"64",1429,"C>A","Cell_4",0
"65",1429,"C>A","Cell_5",0
"66",1432,"T>A","Cell_1",0
"67",1432,"T>A","Cell_2",0
"68",1432,"T>A","Cell_3",0
"69",1432,"T>A","Cell_4",0
"70",1432,"T>A","Cell_5",0
"71",1549,"G>A","Cell_1",0
"72",1549,"G>A","Cell_2",0
"73",1549,"G>A","Cell_3",0
"74",1549,"G>A","Cell_4",0
"75",1549,"G>A","Cell_5",0
"76",1595,"G>A","Cell_1",0
"77",1595,"G>A","Cell_2",0
"78",1595,"G>A","Cell_3",0
"79",1595,"G>A","Cell_4",0
"80",1595,"G>A","Cell_5",0
"81",1598,"G>A","Cell_1",0
"82",1598,"G>A","Cell_2",0.0493827160493827
"83",1598,"G>A","Cell_3",0
"84",1598,"G>A","Cell_4",0
"85",1598,"G>A","Cell_5",0
"86",1681,"G>A","Cell_1",0
"87",1681,"G>A","Cell_2",0
"88",1681,"G>A","Cell_3",0
"89",1681,"G>A","Cell_4",0
"90",1681,"G>A","Cell_5",0.0108695652173913
"91",1787,"G>A","Cell_1",0
"92",1787,"G>A","Cell_2",0.0285714285714286
"93",1787,"G>A","Cell_3",0
"94",1787,"G>A","Cell_4",0.0298507462686567
"95",1787,"G>A","Cell_5",0
"96",1791,"G>A","Cell_1",0
"97",1791,"G>A","Cell_2",0
"98",1791,"G>A","Cell_3",0
"99",1791,"G>A","Cell_4",0
"100",1791,"G>A","Cell_5",0
"101",1879,"G>A","Cell_1",0
"102",1879,"G>A","Cell_2",0
"103",1879,"G>A","Cell_3",0
"104",1879,"G>A","Cell_4",0
"105",1879,"G>A","Cell_5",0
"106",1884,"G>A","Cell_1",0
"107",1884,"G>A","Cell_2",0
"108",1884,"G>A","Cell_3",0
"109",1884,"G>A","Cell_4",0
"110",1884,"G>A","Cell_5",0
"111",1955,"G>A","Cell_1",0
"112",1955,"G>A","Cell_2",0
"113",1955,"G>A","Cell_3",0
"114",1955,"G>A","Cell_4",0
"115",1955,"G>A","Cell_5",0
"116",1958,"G>A","Cell_1",0
"117",1958,"G>A","Cell_2",0
"118",1958,"G>A","Cell_3",0
"119",1958,"G>A","Cell_4",0
"120",1958,"G>A","Cell_5",0.0111111111111111
"121",1990,"G>A","Cell_1",0
"122",1990,"G>A","Cell_2",0
"123",1990,"G>A","Cell_3",0
"124",1990,"G>A","Cell_4",0
"125",1990,"G>A","Cell_5",0
"126",2002,"G>A","Cell_1",0
"127",2002,"G>A","Cell_2",0
"128",2002,"G>A","Cell_3",0
"129",2002,"G>A","Cell_4",0.0377358490566038
"130",2002,"G>A","Cell_5",0
"131",2015,"G>A","Cell_1",0
"132",2015,"G>A","Cell_2",0
"133",2015,"G>A","Cell_3",0
"134",2015,"G>A","Cell_4",0
"135",2015,"G>A","Cell_5",0
"136",2149,"G>A","Cell_1",0.403846153846154
"137",2149,"G>A","Cell_2",0.0925925925925926
"138",2149,"G>A","Cell_3",0
"139",2149,"G>A","Cell_4",0.194029850746269
"140",2149,"G>A","Cell_5",0.123287671232877
"141",2545,"T>A","Cell_1",0
"142",2545,"T>A","Cell_2",0
"143",2545,"T>A","Cell_3",0
"144",2545,"T>A","Cell_4",0
"145",2545,"T>A","Cell_5",0
"146",2655,"G>A","Cell_1",0
"147",2655,"G>A","Cell_2",0
"148",2655,"G>A","Cell_3",0
"149",2655,"G>A","Cell_4",0
"150",2655,"G>A","Cell_5",0
"151",2680,"T>A","Cell_1",0
"152",2680,"T>A","Cell_2",0
"153",2680,"T>A","Cell_3",0
"154",2680,"T>A","Cell_4",0
"155",2680,"T>A","Cell_5",0
"156",2701,"G>A","Cell_1",0
"157",2701,"G>A","Cell_2",0
"158",2701,"G>A","Cell_3",0
"159",2701,"G>A","Cell_4",0
"160",2701,"G>A","Cell_5",0
"161",2909,"G>A","Cell_1",0
"162",2909,"G>A","Cell_2",0
"163",2909,"G>A","Cell_3",0
"164",2909,"G>A","Cell_4",0
"165",2909,"G>A","Cell_5",0
"166",3031,"G>A","Cell_1",0
"167",3031,"G>A","Cell_2",0
"168",3031,"G>A","Cell_3",0
"169",3031,"G>A","Cell_4",0
"170",3031,"G>A","Cell_5",0
"171",3036,"G>A","Cell_1",0
"172",3036,"G>A","Cell_2",0
"173",3036,"G>A","Cell_3",0
"174",3036,"G>A","Cell_4",0
"175",3036,"G>A","Cell_5",0.021505376344086
"176",3063,"G>A","Cell_1",0
"177",3063,"G>A","Cell_2",0.101123595505618
"178",3063,"G>A","Cell_3",0
"179",3063,"G>A","Cell_4",0
"180",3063,"G>A","Cell_5",0
"181",3380,"G>A","Cell_1",0
"182",3380,"G>A","Cell_2",0
"183",3380,"G>A","Cell_3",0
"184",3380,"G>A","Cell_4",0
"185",3380,"G>A","Cell_5",0
"186",3413,"G>A","Cell_1",0
"187",3413,"G>A","Cell_2",0
"188",3413,"G>A","Cell_3",0
"189",3413,"G>A","Cell_4",0
"190",3413,"G>A","Cell_5",0
"191",3700,"G>A","Cell_1",0
"192",3700,"G>A","Cell_2",0.0185185185185185
"193",3700,"G>A","Cell_3",0
"194",3700,"G>A","Cell_4",0
"195",3700,"G>A","Cell_5",0
"196",3707,"G>A","Cell_1",0
"197",3707,"G>A","Cell_2",0
"198",3707,"G>A","Cell_3",0
"199",3707,"G>A","Cell_4",0
"200",3707,"G>A","Cell_5",0
"201",3715,"G>A","Cell_1",0
"202",3715,"G>A","Cell_2",0
"203",3715,"G>A","Cell_3",0
"204",3715,"G>A","Cell_4",0
"205",3715,"G>A","Cell_5",0
"206",3794,"C>A","Cell_1",0
"207",3794,"C>A","Cell_2",0
"208",3794,"C>A","Cell_3",0
"209",3794,"C>A","Cell_4",0
"210",3794,"C>A","Cell_5",0
"211",3901,"G>A","Cell_1",0
"212",3901,"G>A","Cell_2",0
"213",3901,"G>A","Cell_3",0
"214",3901,"G>A","Cell_4",0
"215",3901,"G>A","Cell_5",0
"216",3922,"G>A","Cell_1",0
"217",3922,"G>A","Cell_2",0
"218",3922,"G>A","Cell_3",0
"219",3922,"G>A","Cell_4",0
"220",3922,"G>A","Cell_5",0
"221",4214,"G>A","Cell_1",0
"222",4214,"G>A","Cell_2",0
"223",4214,"G>A","Cell_3",0
"224",4214,"G>A","Cell_4",0
"225",4214,"G>A","Cell_5",0
"226",4235,"C>A","Cell_1",0
"227",4235,"C>A","Cell_2",0.0253164556962025
"228",4235,"C>A","Cell_3",0.25
"229",4235,"C>A","Cell_4",0
"230",4235,"C>A","Cell_5",0
"231",4346,"G>A","Cell_1",0
"232",4346,"G>A","Cell_2",0
"233",4346,"G>A","Cell_3",0
"234",4346,"G>A","Cell_4",0
"235",4346,"G>A","Cell_5",0
"236",4429,"G>A","Cell_1",0.298850574712644
"237",4429,"G>A","Cell_2",0.326923076923077
"238",4429,"G>A","Cell_3",0.307692307692308
"239",4429,"G>A","Cell_4",0.369565217391304
"240",4429,"G>A","Cell_5",0.465346534653465
"241",4440,"G>A","Cell_1",0
"242",4440,"G>A","Cell_2",0
"243",4440,"G>A","Cell_3",0
"244",4440,"G>A","Cell_4",0
"245",4440,"G>A","Cell_5",0
"246",4558,"G>A","Cell_1",0
"247",4558,"G>A","Cell_2",0
"248",4558,"G>A","Cell_3",0
"249",4558,"G>A","Cell_4",0
"250",4558,"G>A","Cell_5",0
"251",4599,"C>A","Cell_1",0
"252",4599,"C>A","Cell_2",0
"253",4599,"C>A","Cell_3",0
"254",4599,"C>A","Cell_4",0
"255",4599,"C>A","Cell_5",0
"256",4820,"G>A","Cell_1",0
"257",4820,"G>A","Cell_2",0
"258",4820,"G>A","Cell_3",0
"259",4820,"G>A","Cell_4",0
"260",4820,"G>A","Cell_5",0
"261",4831,"G>A","Cell_1",0
"262",4831,"G>A","Cell_2",0
"263",4831,"G>A","Cell_3",0
"264",4831,"G>A","Cell_4",0
"265",4831,"G>A","Cell_5",0.0196078431372549
"266",4839,"C>A","Cell_1",0
"267",4839,"C>A","Cell_2",0
"268",4839,"C>A","Cell_3",0
"269",4839,"C>A","Cell_4",0
"270",4839,"C>A","Cell_5",0
"271",5227,"G>A","Cell_1",0
"272",5227,"G>A","Cell_2",0
"273",5227,"G>A","Cell_3",0.111111111111111
"274",5227,"G>A","Cell_4",0
"275",5227,"G>A","Cell_5",0
"276",5237,"G>A","Cell_1",0.0392156862745098
"277",5237,"G>A","Cell_2",0
"278",5237,"G>A","Cell_3",0
"279",5237,"G>A","Cell_4",0
"280",5237,"G>A","Cell_5",0
"281",5316,"G>A","Cell_1",0
"282",5316,"G>A","Cell_2",0
"283",5316,"G>A","Cell_3",0
"284",5316,"G>A","Cell_4",0
"285",5316,"G>A","Cell_5",0
"286",5348,"C>A","Cell_1",0
"287",5348,"C>A","Cell_2",0
"288",5348,"C>A","Cell_3",0
"289",5348,"C>A","Cell_4",0
"290",5348,"C>A","Cell_5",0
"291",5486,"C>A","Cell_1",0.0465116279069767
"292",5486,"C>A","Cell_2",0
"293",5486,"C>A","Cell_3",0
"294",5486,"C>A","Cell_4",0
"295",5486,"C>A","Cell_5",0
"296",5685,"C>A","Cell_1",0
"297",5685,"C>A","Cell_2",0
"298",5685,"C>A","Cell_3",0
"299",5685,"C>A","Cell_4",0
"300",5685,"C>A","Cell_5",0
"301",5913,"G>A","Cell_1",0
"302",5913,"G>A","Cell_2",0
"303",5913,"G>A","Cell_3",0
"304",5913,"G>A","Cell_4",0
"305",5913,"G>A","Cell_5",0
"306",5920,"G>A","Cell_1",0
"307",5920,"G>A","Cell_2",0
"308",5920,"G>A","Cell_3",0
"309",5920,"G>A","Cell_4",0
"310",5920,"G>A","Cell_5",0
"311",5927,"C>A","Cell_1",0
"312",5927,"C>A","Cell_2",0
"313",5927,"C>A","Cell_3",0
"314",5927,"C>A","Cell_4",0
"315",5927,"C>A","Cell_5",0
"316",6028,"G>A","Cell_1",0
"317",6028,"G>A","Cell_2",0
"318",6028,"G>A","Cell_3",0
"319",6028,"G>A","Cell_4",0
"320",6028,"G>A","Cell_5",0
"321",6169,"C>A","Cell_1",0
"322",6169,"C>A","Cell_2",0
"323",6169,"C>A","Cell_3",0
"324",6169,"C>A","Cell_4",0
"325",6169,"C>A","Cell_5",0
"326",6174,"G>A","Cell_1",0
"327",6174,"G>A","Cell_2",0.018018018018018
"328",6174,"G>A","Cell_3",0
"329",6174,"G>A","Cell_4",0
"330",6174,"G>A","Cell_5",0
"331",6243,"G>A","Cell_1",0
"332",6243,"G>A","Cell_2",0
"333",6243,"G>A","Cell_3",0
"334",6243,"G>A","Cell_4",0
"335",6243,"G>A","Cell_5",0
"336",6261,"G>A","Cell_1",0
"337",6261,"G>A","Cell_2",0.036144578313253
"338",6261,"G>A","Cell_3",0
"339",6261,"G>A","Cell_4",0.0533333333333333
"340",6261,"G>A","Cell_5",0
"341",6280,"G>A","Cell_1",0
"342",6280,"G>A","Cell_2",0
"343",6280,"G>A","Cell_3",0
"344",6280,"G>A","Cell_4",0
"345",6280,"G>A","Cell_5",0
"346",6300,"G>A","Cell_1",0
"347",6300,"G>A","Cell_2",0
"348",6300,"G>A","Cell_3",0.111111111111111
"349",6300,"G>A","Cell_4",0
"350",6300,"G>A","Cell_5",0
"351",6324,"G>A","Cell_1",0
"352",6324,"G>A","Cell_2",0
"353",6324,"G>A","Cell_3",0
"354",6324,"G>A","Cell_4",0
"355",6324,"G>A","Cell_5",0
"356",6460,"G>A","Cell_1",0
"357",6460,"G>A","Cell_2",0
"358",6460,"G>A","Cell_3",0
"359",6460,"G>A","Cell_4",0
"360",6460,"G>A","Cell_5",0
"361",6564,"G>A","Cell_1",0
"362",6564,"G>A","Cell_2",0
"363",6564,"G>A","Cell_3",0
"364",6564,"G>A","Cell_4",0
"365",6564,"G>A","Cell_5",0
"366",6576,"G>A","Cell_1",0
"367",6576,"G>A","Cell_2",0
"368",6576,"G>A","Cell_3",0
"369",6576,"G>A","Cell_4",0
"370",6576,"G>A","Cell_5",0
"371",6722,"G>A","Cell_1",0
"372",6722,"G>A","Cell_2",0
"373",6722,"G>A","Cell_3",0
"374",6722,"G>A","Cell_4",0
"375",6722,"G>A","Cell_5",0
"376",6744,"G>A","Cell_1",0
"377",6744,"G>A","Cell_2",0
"378",6744,"G>A","Cell_3",0
"379",6744,"G>A","Cell_4",0
"380",6744,"G>A","Cell_5",0
"381",6762,"G>A","Cell_1",0
"382",6762,"G>A","Cell_2",0
"383",6762,"G>A","Cell_3",0
"384",6762,"G>A","Cell_4",0
"385",6762,"G>A","Cell_5",0
"386",6768,"G>A","Cell_1",0
"387",6768,"G>A","Cell_2",0
"388",6768,"G>A","Cell_3",0
"389",6768,"G>A","Cell_4",0
"390",6768,"G>A","Cell_5",0
"391",6836,"C>A","Cell_1",0
"392",6836,"C>A","Cell_2",0
"393",6836,"C>A","Cell_3",0
"394",6836,"C>A","Cell_4",0
"395",6836,"C>A","Cell_5",0
"396",6922,"G>A","Cell_1",0
"397",6922,"G>A","Cell_2",0
"398",6922,"G>A","Cell_3",0
"399",6922,"G>A","Cell_4",0
"400",6922,"G>A","Cell_5",0
"401",6947,"C>A","Cell_1",0
"402",6947,"C>A","Cell_2",0
"403",6947,"C>A","Cell_3",0
"404",6947,"C>A","Cell_4",0
"405",6947,"C>A","Cell_5",0
"406",7026,"G>A","Cell_1",0
"407",7026,"G>A","Cell_2",0
"408",7026,"G>A","Cell_3",0
"409",7026,"G>A","Cell_4",0
"410",7026,"G>A","Cell_5",0
"411",7041,"G>A","Cell_1",0
"412",7041,"G>A","Cell_2",0
"413",7041,"G>A","Cell_3",0
"414",7041,"G>A","Cell_4",0
"415",7041,"G>A","Cell_5",0
"416",7048,"C>A","Cell_1",0
"417",7048,"C>A","Cell_2",0
"418",7048,"C>A","Cell_3",0
"419",7048,"C>A","Cell_4",0
"420",7048,"C>A","Cell_5",0
"421",7065,"G>A","Cell_1",0
"422",7065,"G>A","Cell_2",0
"423",7065,"G>A","Cell_3",0
"424",7065,"G>A","Cell_4",0
"425",7065,"G>A","Cell_5",0
"426",7211,"G>A","Cell_1",0.328571428571429
"427",7211,"G>A","Cell_2",0.308641975308642
"428",7211,"G>A","Cell_3",0.285714285714286
"429",7211,"G>A","Cell_4",0.166666666666667
"430",7211,"G>A","Cell_5",0.210526315789474
"431",7216,"G>A","Cell_1",0
"432",7216,"G>A","Cell_2",0
"433",7216,"G>A","Cell_3",0
"434",7216,"G>A","Cell_4",0
"435",7216,"G>A","Cell_5",0
"436",7337,"G>A","Cell_1",0
"437",7337,"G>A","Cell_2",0
"438",7337,"G>A","Cell_3",0
"439",7337,"G>A","Cell_4",0
"440",7337,"G>A","Cell_5",0
"441",7607,"G>A","Cell_1",0
"442",7607,"G>A","Cell_2",0
"443",7607,"G>A","Cell_3",0
"444",7607,"G>A","Cell_4",0
"445",7607,"G>A","Cell_5",0
"446",7619,"G>A","Cell_1",0
"447",7619,"G>A","Cell_2",0
"448",7619,"G>A","Cell_3",0
"449",7619,"G>A","Cell_4",0
"450",7619,"G>A","Cell_5",0
"451",7702,"G>A","Cell_1",0
"452",7702,"G>A","Cell_2",0
"453",7702,"G>A","Cell_3",0
"454",7702,"G>A","Cell_4",0
"455",7702,"G>A","Cell_5",0
"456",8073,"G>A","Cell_1",0
"457",8073,"G>A","Cell_2",0
"458",8073,"G>A","Cell_3",0.285714285714286
"459",8073,"G>A","Cell_4",0
"460",8073,"G>A","Cell_5",0
"461",8213,"G>A","Cell_1",0
"462",8213,"G>A","Cell_2",0
"463",8213,"G>A","Cell_3",0
"464",8213,"G>A","Cell_4",0
"465",8213,"G>A","Cell_5",0
"466",8250,"G>A","Cell_1",0
"467",8250,"G>A","Cell_2",0
"468",8250,"G>A","Cell_3",0
"469",8250,"G>A","Cell_4",0
"470",8250,"G>A","Cell_5",0
"471",8251,"G>A","Cell_1",0
"472",8251,"G>A","Cell_2",0
"473",8251,"G>A","Cell_3",0
"474",8251,"G>A","Cell_4",0
"475",8251,"G>A","Cell_5",0
"476",8290,"G>A","Cell_1",0
"477",8290,"G>A","Cell_2",0
"478",8290,"G>A","Cell_3",0
"479",8290,"G>A","Cell_4",0
"480",8290,"G>A","Cell_5",0
"481",8342,"G>A","Cell_1",0
"482",8342,"G>A","Cell_2",0
"483",8342,"G>A","Cell_3",0
"484",8342,"G>A","Cell_4",0
"485",8342,"G>A","Cell_5",0
"486",8387,"G>A","Cell_1",0
"487",8387,"G>A","Cell_2",0
"488",8387,"G>A","Cell_3",0
"489",8387,"G>A","Cell_4",0
"490",8387,"G>A","Cell_5",0
"491",8573,"G>A","Cell_1",0
"492",8573,"G>A","Cell_2",0
"493",8573,"G>A","Cell_3",0
"494",8573,"G>A","Cell_4",0.0166666666666667
"495",8573,"G>A","Cell_5",0
"496",8764,"G>A","Cell_1",0
"497",8764,"G>A","Cell_2",0
"498",8764,"G>A","Cell_3",0
"499",8764,"G>A","Cell_4",0.021978021978022
"500",8764,"G>A","Cell_5",0
"501",8833,"G>A","Cell_1",0
"502",8833,"G>A","Cell_2",0
"503",8833,"G>A","Cell_3",0
"504",8833,"G>A","Cell_4",0
"505",8833,"G>A","Cell_5",0
"506",8864,"T>A","Cell_1",0
"507",8864,"T>A","Cell_2",0
"508",8864,"T>A","Cell_3",0
"509",8864,"T>A","Cell_4",0
"510",8864,"T>A","Cell_5",0
"511",8950,"G>A","Cell_1",0
"512",8950,"G>A","Cell_2",0
"513",8950,"G>A","Cell_3",0
"514",8950,"G>A","Cell_4",0
"515",8950,"G>A","Cell_5",0
"516",8989,"G>A","Cell_1",0
"517",8989,"G>A","Cell_2",0
"518",8989,"G>A","Cell_3",0
"519",8989,"G>A","Cell_4",0.00793650793650794
"520",8989,"G>A","Cell_5",0
"521",9133,"G>A","Cell_1",0
"522",9133,"G>A","Cell_2",0
"523",9133,"G>A","Cell_3",0
"524",9133,"G>A","Cell_4",0
"525",9133,"G>A","Cell_5",0.0176991150442478
"526",9164,"T>A","Cell_1",0
"527",9164,"T>A","Cell_2",0
"528",9164,"T>A","Cell_3",0
"529",9164,"T>A","Cell_4",0
"530",9164,"T>A","Cell_5",0
"531",9265,"G>A","Cell_1",0
"532",9265,"G>A","Cell_2",0
"533",9265,"G>A","Cell_3",0
"534",9265,"G>A","Cell_4",0
"535",9265,"G>A","Cell_5",0
"536",9295,"G>A","Cell_1",0
"537",9295,"G>A","Cell_2",0
"538",9295,"G>A","Cell_3",0.133333333333333
"539",9295,"G>A","Cell_4",0
"540",9295,"G>A","Cell_5",0
"541",9343,"G>A","Cell_1",0
"542",9343,"G>A","Cell_2",0
"543",9343,"G>A","Cell_3",0
"544",9343,"G>A","Cell_4",0
"545",9343,"G>A","Cell_5",0
"546",9478,"T>A","Cell_1",0
"547",9478,"T>A","Cell_2",0
"548",9478,"T>A","Cell_3",0
"549",9478,"T>A","Cell_4",0
"550",9478,"T>A","Cell_5",0
"551",9497,"T>A","Cell_1",0
"552",9497,"T>A","Cell_2",0.0232558139534884
"553",9497,"T>A","Cell_3",0
"554",9497,"T>A","Cell_4",0
"555",9497,"T>A","Cell_5",0
"556",9520,"G>A","Cell_1",0
"557",9520,"G>A","Cell_2",0.0202020202020202
"558",9520,"G>A","Cell_3",0
"559",9520,"G>A","Cell_4",0
"560",9520,"G>A","Cell_5",0
"561",9525,"G>A","Cell_1",0
"562",9525,"G>A","Cell_2",0
"563",9525,"G>A","Cell_3",0.333333333333333
"564",9525,"G>A","Cell_4",0
"565",9525,"G>A","Cell_5",0
"566",9529,"C>A","Cell_1",0
"567",9529,"C>A","Cell_2",0
"568",9529,"C>A","Cell_3",0
"569",9529,"C>A","Cell_4",0
"570",9529,"C>A","Cell_5",0
"571",9543,"G>A","Cell_1",0
"572",9543,"G>A","Cell_2",0
"573",9543,"G>A","Cell_3",0
"574",9543,"G>A","Cell_4",0
"575",9543,"G>A","Cell_5",0
"576",9553,"G>A","Cell_1",0
"577",9553,"G>A","Cell_2",0
"578",9553,"G>A","Cell_3",0
"579",9553,"G>A","Cell_4",0
"580",9553,"G>A","Cell_5",0
"581",9744,"G>A","Cell_1",0
"582",9744,"G>A","Cell_2",0
"583",9744,"G>A","Cell_3",0
"584",9744,"G>A","Cell_4",0
"585",9744,"G>A","Cell_5",0
"586",9755,"G>A","Cell_1",0
"587",9755,"G>A","Cell_2",0
"588",9755,"G>A","Cell_3",0
"589",9755,"G>A","Cell_4",0
"590",9755,"G>A","Cell_5",0
"591",9818,"C>A","Cell_1",0
"592",9818,"C>A","Cell_2",0
"593",9818,"C>A","Cell_3",0.166666666666667
"594",9818,"C>A","Cell_4",0
"595",9818,"C>A","Cell_5",0
"596",9837,"G>A","Cell_1",0
"597",9837,"G>A","Cell_2",0
"598",9837,"G>A","Cell_3",0
"599",9837,"G>A","Cell_4",0
"600",9837,"G>A","Cell_5",0
"601",9881,"T>A","Cell_1",0
"602",9881,"T>A","Cell_2",0
"603",9881,"T>A","Cell_3",0
"604",9881,"T>A","Cell_4",0
"605",9881,"T>A","Cell_5",0
"606",9942,"G>A","Cell_1",0
"607",9942,"G>A","Cell_2",0
"608",9942,"G>A","Cell_3",0
"609",9942,"G>A","Cell_4",0
"610",9942,"G>A","Cell_5",0
"611",9947,"G>A","Cell_1",0
"612",9947,"G>A","Cell_2",0
"613",9947,"G>A","Cell_3",0
"614",9947,"G>A","Cell_4",0
"615",9947,"G>A","Cell_5",0
"616",10266,"G>A","Cell_1",0
"617",10266,"G>A","Cell_2",0
"618",10266,"G>A","Cell_3",0
"619",10266,"G>A","Cell_4",0
"620",10266,"G>A","Cell_5",0
"621",10375,"G>A","Cell_1",0
"622",10375,"G>A","Cell_2",0
"623",10375,"G>A","Cell_3",0
"624",10375,"G>A","Cell_4",0
"625",10375,"G>A","Cell_5",0
"626",10387,"G>A","Cell_1",0
"627",10387,"G>A","Cell_2",0
"628",10387,"G>A","Cell_3",0
"629",10387,"G>A","Cell_4",0
"630",10387,"G>A","Cell_5",0
"631",10396,"G>A","Cell_1",0
"632",10396,"G>A","Cell_2",0
"633",10396,"G>A","Cell_3",0
"634",10396,"G>A","Cell_4",0
"635",10396,"G>A","Cell_5",0
"636",10407,"G>A","Cell_1",0
"637",10407,"G>A","Cell_2",0
"638",10407,"G>A","Cell_3",0
"639",10407,"G>A","Cell_4",0
"640",10407,"G>A","Cell_5",0
"641",10564,"G>A","Cell_1",0
"642",10564,"G>A","Cell_2",0
"643",10564,"G>A","Cell_3",0
"644",10564,"G>A","Cell_4",0
"645",10564,"G>A","Cell_5",0
"646",10646,"G>A","Cell_1",0
"647",10646,"G>A","Cell_2",0
"648",10646,"G>A","Cell_3",0
"649",10646,"G>A","Cell_4",0
"650",10646,"G>A","Cell_5",0
"651",10762,"G>A","Cell_1",0
"652",10762,"G>A","Cell_2",0
"653",10762,"G>A","Cell_3",0
"654",10762,"G>A","Cell_4",0
"655",10762,"G>A","Cell_5",0
"656",10911,"G>A","Cell_1",0
"657",10911,"G>A","Cell_2",0
"658",10911,"G>A","Cell_3",0
"659",10911,"G>A","Cell_4",0
"660",10911,"G>A","Cell_5",0
"661",10914,"G>A","Cell_1",0
"662",10914,"G>A","Cell_2",0.0185185185185185
"663",10914,"G>A","Cell_3",0
"664",10914,"G>A","Cell_4",0
"665",10914,"G>A","Cell_5",0
"666",10933,"C>A","Cell_1",0
"667",10933,"C>A","Cell_2",0
"668",10933,"C>A","Cell_3",0.181818181818182
"669",10933,"C>A","Cell_4",0
"670",10933,"C>A","Cell_5",0
"671",11126,"G>A","Cell_1",0
"672",11126,"G>A","Cell_2",0
"673",11126,"G>A","Cell_3",0
"674",11126,"G>A","Cell_4",0
"675",11126,"G>A","Cell_5",0
"676",11183,"C>A","Cell_1",0
"677",11183,"C>A","Cell_2",0
"678",11183,"C>A","Cell_3",0
"679",11183,"C>A","Cell_4",0
"680",11183,"C>A","Cell_5",0
"681",11195,"G>A","Cell_1",0
"682",11195,"G>A","Cell_2",0
"683",11195,"G>A","Cell_3",0
"684",11195,"G>A","Cell_4",0
"685",11195,"G>A","Cell_5",0
"686",11222,"G>A","Cell_1",0
"687",11222,"G>A","Cell_2",0
"688",11222,"G>A","Cell_3",0
"689",11222,"G>A","Cell_4",0
"690",11222,"G>A","Cell_5",0
"691",11306,"G>A","Cell_1",0
"692",11306,"G>A","Cell_2",0
"693",11306,"G>A","Cell_3",0
"694",11306,"G>A","Cell_4",0
"695",11306,"G>A","Cell_5",0
"696",11414,"G>A","Cell_1",0
"697",11414,"G>A","Cell_2",0
"698",11414,"G>A","Cell_3",0
"699",11414,"G>A","Cell_4",0
"700",11414,"G>A","Cell_5",0
"701",11460,"T>A","Cell_1",0
"702",11460,"T>A","Cell_2",0
"703",11460,"T>A","Cell_3",0
"704",11460,"T>A","Cell_4",0
"705",11460,"T>A","Cell_5",0
"706",11549,"C>A","Cell_1",0
"707",11549,"C>A","Cell_2",0
"708",11549,"C>A","Cell_3",0
"709",11549,"C>A","Cell_4",0
"710",11549,"C>A","Cell_5",0
"711",11600,"G>A","Cell_1",0
"712",11600,"G>A","Cell_2",0
"713",11600,"G>A","Cell_3",0
"714",11600,"G>A","Cell_4",0
"715",11600,"G>A","Cell_5",0
"716",11651,"G>A","Cell_1",0
"717",11651,"G>A","Cell_2",0
"718",11651,"G>A","Cell_3",0
"719",11651,"G>A","Cell_4",0
"720",11651,"G>A","Cell_5",0
"721",11840,"C>A","Cell_1",0
"722",11840,"C>A","Cell_2",0
"723",11840,"C>A","Cell_3",0
"724",11840,"C>A","Cell_4",0
"725",11840,"C>A","Cell_5",0
"726",12092,"C>A","Cell_1",0
"727",12092,"C>A","Cell_2",0
"728",12092,"C>A","Cell_3",0
"729",12092,"C>A","Cell_4",0.0618556701030928
"730",12092,"C>A","Cell_5",0
"731",12236,"G>A","Cell_1",0
"732",12236,"G>A","Cell_2",0
"733",12236,"G>A","Cell_3",0
"734",12236,"G>A","Cell_4",0
"735",12236,"G>A","Cell_5",0
"736",12237,"C>A","Cell_1",0
"737",12237,"C>A","Cell_2",0
"738",12237,"C>A","Cell_3",0
"739",12237,"C>A","Cell_4",0
"740",12237,"C>A","Cell_5",0
"741",12319,"C>A","Cell_1",0
"742",12319,"C>A","Cell_2",0
"743",12319,"C>A","Cell_3",0
"744",12319,"C>A","Cell_4",0
"745",12319,"C>A","Cell_5",0
"746",12364,"C>A","Cell_1",0
"747",12364,"C>A","Cell_2",0
"748",12364,"C>A","Cell_3",0
"749",12364,"C>A","Cell_4",0
"750",12364,"C>A","Cell_5",0
"751",12468,"T>A","Cell_1",0
"752",12468,"T>A","Cell_2",0
"753",12468,"T>A","Cell_3",0
"754",12468,"T>A","Cell_4",0
"755",12468,"T>A","Cell_5",0
"756",12503,"G>A","Cell_1",0
"757",12503,"G>A","Cell_2",0
"758",12503,"G>A","Cell_3",0
"759",12503,"G>A","Cell_4",0
"760",12503,"G>A","Cell_5",0.0101010101010101
"761",12508,"G>A","Cell_1",0
"762",12508,"G>A","Cell_2",0
"763",12508,"G>A","Cell_3",0
"764",12508,"G>A","Cell_4",0
"765",12508,"G>A","Cell_5",0
"766",12775,"G>A","Cell_1",0
"767",12775,"G>A","Cell_2",0
"768",12775,"G>A","Cell_3",0
"769",12775,"G>A","Cell_4",0
"770",12775,"G>A","Cell_5",0
"771",12863,"G>A","Cell_1",0
"772",12863,"G>A","Cell_2",0.02
"773",12863,"G>A","Cell_3",0
"774",12863,"G>A","Cell_4",0
"775",12863,"G>A","Cell_5",0
"776",12997,"G>A","Cell_1",0
"777",12997,"G>A","Cell_2",0
"778",12997,"G>A","Cell_3",0
"779",12997,"G>A","Cell_4",0
"780",12997,"G>A","Cell_5",0
"781",13080,"C>A","Cell_1",0
"782",13080,"C>A","Cell_2",0
"783",13080,"C>A","Cell_3",0
"784",13080,"C>A","Cell_4",0
"785",13080,"C>A","Cell_5",0
"786",13240,"G>A","Cell_1",0
"787",13240,"G>A","Cell_2",0.036697247706422
"788",13240,"G>A","Cell_3",0
"789",13240,"G>A","Cell_4",0
"790",13240,"G>A","Cell_5",0
"791",13279,"G>A","Cell_1",0
"792",13279,"G>A","Cell_2",0
"793",13279,"G>A","Cell_3",0
"794",13279,"G>A","Cell_4",0
"795",13279,"G>A","Cell_5",0
"796",13345,"G>A","Cell_1",0
"797",13345,"G>A","Cell_2",0
"798",13345,"G>A","Cell_3",0
"799",13345,"G>A","Cell_4",0
"800",13345,"G>A","Cell_5",0
"801",13499,"G>A","Cell_1",0
"802",13499,"G>A","Cell_2",0
"803",13499,"G>A","Cell_3",0
"804",13499,"G>A","Cell_4",0
"805",13499,"G>A","Cell_5",0
"806",13513,"G>A","Cell_1",0
"807",13513,"G>A","Cell_2",0
"808",13513,"G>A","Cell_3",0
"809",13513,"G>A","Cell_4",0
"810",13513,"G>A","Cell_5",0
"811",13558,"G>A","Cell_1",0
"812",13558,"G>A","Cell_2",0
"813",13558,"G>A","Cell_3",0
"814",13558,"G>A","Cell_4",0
"815",13558,"G>A","Cell_5",0
"816",13970,"G>A","Cell_1",0
"817",13970,"G>A","Cell_2",0
"818",13970,"G>A","Cell_3",0
"819",13970,"G>A","Cell_4",0
"820",13970,"G>A","Cell_5",0
"821",13989,"C>A","Cell_1",0
"822",13989,"C>A","Cell_2",0
"823",13989,"C>A","Cell_3",0
"824",13989,"C>A","Cell_4",0
"825",13989,"C>A","Cell_5",0
"826",13996,"G>A","Cell_1",0
"827",13996,"G>A","Cell_2",0.0208333333333333
"828",13996,"G>A","Cell_3",0
"829",13996,"G>A","Cell_4",0
"830",13996,"G>A","Cell_5",0
"831",14006,"G>A","Cell_1",0
"832",14006,"G>A","Cell_2",0
"833",14006,"G>A","Cell_3",0
"834",14006,"G>A","Cell_4",0
"835",14006,"G>A","Cell_5",0
"836",14235,"C>A","Cell_1",0
"837",14235,"C>A","Cell_2",0
"838",14235,"C>A","Cell_3",0
"839",14235,"C>A","Cell_4",0
"840",14235,"C>A","Cell_5",0
"841",14865,"G>A","Cell_1",0.0149253731343284
"842",14865,"G>A","Cell_2",0
"843",14865,"G>A","Cell_3",0
"844",14865,"G>A","Cell_4",0
"845",14865,"G>A","Cell_5",0
"846",14895,"T>A","Cell_1",0
"847",14895,"T>A","Cell_2",0
"848",14895,"T>A","Cell_3",0
"849",14895,"T>A","Cell_4",0.018018018018018
"850",14895,"T>A","Cell_5",0
"851",14985,"G>A","Cell_1",0
"852",14985,"G>A","Cell_2",0
"853",14985,"G>A","Cell_3",0
"854",14985,"G>A","Cell_4",0
"855",14985,"G>A","Cell_5",0
"856",15023,"T>A","Cell_1",0
"857",15023,"T>A","Cell_2",0
"858",15023,"T>A","Cell_3",0
"859",15023,"T>A","Cell_4",0
"860",15023,"T>A","Cell_5",0
"861",15119,"G>A","Cell_1",0
"862",15119,"G>A","Cell_2",0
"863",15119,"G>A","Cell_3",0
"864",15119,"G>A","Cell_4",0
"865",15119,"G>A","Cell_5",0
"866",15207,"C>A","Cell_1",0
"867",15207,"C>A","Cell_2",0
"868",15207,"C>A","Cell_3",0
"869",15207,"C>A","Cell_4",0
"870",15207,"C>A","Cell_5",0
"871",15215,"G>A","Cell_1",0
"872",15215,"G>A","Cell_2",0
"873",15215,"G>A","Cell_3",0
"874",15215,"G>A","Cell_4",0
"875",15215,"G>A","Cell_5",0
"876",15587,"C>A","Cell_1",0
"877",15587,"C>A","Cell_2",0
"878",15587,"C>A","Cell_3",0
"879",15587,"C>A","Cell_4",0
"880",15587,"C>A","Cell_5",0
"881",15612,"G>A","Cell_1",0
"882",15612,"G>A","Cell_2",0
"883",15612,"G>A","Cell_3",0
"884",15612,"G>A","Cell_4",0
"885",15612,"G>A","Cell_5",0
"886",15616,"C>A","Cell_1",0
"887",15616,"C>A","Cell_2",0
"888",15616,"C>A","Cell_3",0
"889",15616,"C>A","Cell_4",0
"890",15616,"C>A","Cell_5",0
"891",15650,"G>A","Cell_1",0
"892",15650,"G>A","Cell_2",0
"893",15650,"G>A","Cell_3",0
"894",15650,"G>A","Cell_4",0
"895",15650,"G>A","Cell_5",0
"896",15687,"G>A","Cell_1",0
"897",15687,"G>A","Cell_2",0
"898",15687,"G>A","Cell_3",0
"899",15687,"G>A","Cell_4",0
"900",15687,"G>A","Cell_5",0
"901",15688,"C>A","Cell_1",0
"902",15688,"C>A","Cell_2",0
"903",15688,"C>A","Cell_3",0
"904",15688,"C>A","Cell_4",0
"905",15688,"C>A","Cell_5",0
"906",15704,"C>A","Cell_1",0
"907",15704,"C>A","Cell_2",0
"908",15704,"C>A","Cell_3",0
"909",15704,"C>A","Cell_4",0
"910",15704,"C>A","Cell_5",0
"911",15714,"C>A","Cell_1",0
"912",15714,"C>A","Cell_2",0
"913",15714,"C>A","Cell_3",0
"914",15714,"C>A","Cell_4",0
"915",15714,"C>A","Cell_5",0
"916",15749,"C>A","Cell_1",0
"917",15749,"C>A","Cell_2",0
"918",15749,"C>A","Cell_3",0
"919",15749,"C>A","Cell_4",0
"920",15749,"C>A","Cell_5",0
"921",15806,"G>A","Cell_1",0
"922",15806,"G>A","Cell_2",0
"923",15806,"G>A","Cell_3",0
"924",15806,"G>A","Cell_4",0
"925",15806,"G>A","Cell_5",0
"926",15915,"G>A","Cell_1",0
"927",15915,"G>A","Cell_2",0
"928",15915,"G>A","Cell_3",0
"929",15915,"G>A","Cell_4",0
"930",15915,"G>A","Cell_5",0
"931",15949,"G>A","Cell_1",0
"932",15949,"G>A","Cell_2",0
"933",15949,"G>A","Cell_3",0.285714285714286
"934",15949,"G>A","Cell_4",0
"935",15949,"G>A","Cell_5",0
"936",15987,"C>A","Cell_1",0
"937",15987,"C>A","Cell_2",0
"938",15987,"C>A","Cell_3",0
"939",15987,"C>A","Cell_4",0
"940",15987,"C>A","Cell_5",0
"941",16049,"G>A","Cell_1",0
"942",16049,"G>A","Cell_2",0
"943",16049,"G>A","Cell_3",0
"944",16049,"G>A","Cell_4",0
"945",16049,"G>A","Cell_5",0
"946",16319,"G>A","Cell_1",0
"947",16319,"G>A","Cell_2",0
"948",16319,"G>A","Cell_3",0
"949",16319,"G>A","Cell_4",0
"950",16319,"G>A","Cell_5",0
"951",16362,"T>A","Cell_1",0
"952",16362,"T>A","Cell_2",0
"953",16362,"T>A","Cell_3",0
"954",16362,"T>A","Cell_4",0
"955",16362,"T>A","Cell_5",0
"956",889,"G>C","Cell_1",0
"957",889,"G>C","Cell_2",0
"958",889,"G>C","Cell_3",0
"959",889,"G>C","Cell_4",0
"960",889,"G>C","Cell_5",0
"961",3074,"A>C","Cell_1",0
"962",3074,"A>C","Cell_2",0
"963",3074,"A>C","Cell_3",0
"964",3074,"A>C","Cell_4",0
"965",3074,"A>C","Cell_5",0
"966",4083,"T>C","Cell_1",0.0169491525423729
"967",4083,"T>C","Cell_2",0
"968",4083,"T>C","Cell_3",0
"969",4083,"T>C","Cell_4",0
"970",4083,"T>C","Cell_5",0
"971",4643,"G>C","Cell_1",0
"972",4643,"G>C","Cell_2",0
"973",4643,"G>C","Cell_3",0
"974",4643,"G>C","Cell_4",0
"975",4643,"G>C","Cell_5",0
"976",4856,"T>C","Cell_1",0
"977",4856,"T>C","Cell_2",0.018018018018018
"978",4856,"T>C","Cell_3",0
"979",4856,"T>C","Cell_4",0.0111111111111111
"980",4856,"T>C","Cell_5",0
"981",6780,"T>C","Cell_1",0.0140845070422535
"982",6780,"T>C","Cell_2",0
"983",6780,"T>C","Cell_3",0
"984",6780,"T>C","Cell_4",0
"985",6780,"T>C","Cell_5",0
"986",7510,"T>C","Cell_1",0
"987",7510,"T>C","Cell_2",0
"988",7510,"T>C","Cell_3",0
"989",7510,"T>C","Cell_4",0
"990",7510,"T>C","Cell_5",0
"991",9070,"T>C","Cell_1",0
"992",9070,"T>C","Cell_2",0
"993",9070,"T>C","Cell_3",0
"994",9070,"T>C","Cell_4",0
"995",9070,"T>C","Cell_5",0
"996",9781,"T>C","Cell_1",0
"997",9781,"T>C","Cell_2",0
"998",9781,"T>C","Cell_3",0
"999",9781,"T>C","Cell_4",0
"1000",9781,"T>C","Cell_5",0
"1001",9835,"T>C","Cell_1",0
"1002",9835,"T>C","Cell_2",0
"1003",9835,"T>C","Cell_3",0
"1004",9835,"T>C","Cell_4",0
"1005",9835,"T>C","Cell_5",0
"1006",9907,"G>C","Cell_1",0
"1007",9907,"G>C","Cell_2",0
"1008",9907,"G>C","Cell_3",0
"1009",9907,"G>C","Cell_4",0
"1010",9907,"G>C","Cell_5",0
"1011",9958,"T>C","Cell_1",0
"1012",9958,"T>C","Cell_2",0
"1013",9958,"T>C","Cell_3",0
"1014",9958,"T>C","Cell_4",0
"1015",9958,"T>C","Cell_5",0
"1016",10926,"T>C","Cell_1",0
"1017",10926,"T>C","Cell_2",0
"1018",10926,"T>C","Cell_3",0
"1019",10926,"T>C","Cell_4",0
"1020",10926,"T>C","Cell_5",0
"1021",12455,"T>C","Cell_1",0
"1022",12455,"T>C","Cell_2",0
"1023",12455,"T>C","Cell_3",0
"1024",12455,"T>C","Cell_4",0
"1025",12455,"T>C","Cell_5",0
"1026",12605,"T>C","Cell_1",0
"1027",12605,"T>C","Cell_2",0
"1028",12605,"T>C","Cell_3",0
"1029",12605,"T>C","Cell_4",0
"1030",12605,"T>C","Cell_5",0
"1031",13103,"G>C","Cell_1",0
"1032",13103,"G>C","Cell_2",0
"1033",13103,"G>C","Cell_3",0
"1034",13103,"G>C","Cell_4",0
"1035",13103,"G>C","Cell_5",0
"1036",13169,"T>C","Cell_1",0
"1037",13169,"T>C","Cell_2",0
"1038",13169,"T>C","Cell_3",0
"1039",13169,"T>C","Cell_4",0
"1040",13169,"T>C","Cell_5",0.0266666666666667
"1041",13421,"T>C","Cell_1",0.0140845070422535
"1042",13421,"T>C","Cell_2",0
"1043",13421,"T>C","Cell_3",0
"1044",13421,"T>C","Cell_4",0.0142857142857143
"1045",13421,"T>C","Cell_5",0
"1046",14470,"T>C","Cell_1",0
"1047",14470,"T>C","Cell_2",0
"1048",14470,"T>C","Cell_3",0
"1049",14470,"T>C","Cell_4",0
"1050",14470,"T>C","Cell_5",0
"1051",14939,"T>C","Cell_1",0
"1052",14939,"T>C","Cell_2",0
"1053",14939,"T>C","Cell_3",0
"1054",14939,"T>C","Cell_4",0
"1055",14939,"T>C","Cell_5",0
"1056",14945,"G>C","Cell_1",0
"1057",14945,"G>C","Cell_2",0
"1058",14945,"G>C","Cell_3",0
"1059",14945,"G>C","Cell_4",0
"1060",14945,"G>C","Cell_5",0
"1061",16105,"T>C","Cell_1",0
"1062",16105,"T>C","Cell_2",0
"1063",16105,"T>C","Cell_3",0
"1064",16105,"T>C","Cell_4",0
"1065",16105,"T>C","Cell_5",0
"1066",16249,"T>C","Cell_1",0
"1067",16249,"T>C","Cell_2",0
"1068",16249,"T>C","Cell_3",0
"1069",16249,"T>C","Cell_4",0
"1070",16249,"T>C","Cell_5",0
"1071",1321,"A>G","Cell_1",0
"1072",1321,"A>G","Cell_2",0
"1073",1321,"A>G","Cell_3",0
"1074",1321,"A>G","Cell_4",0
"1075",1321,"A>G","Cell_5",0
"1076",4487,"A>G","Cell_1",0
"1077",4487,"A>G","Cell_2",0
"1078",4487,"A>G","Cell_3",0
"1079",4487,"A>G","Cell_4",0
"1080",4487,"A>G","Cell_5",0
"1081",5027,"C>G","Cell_1",0
"1082",5027,"C>G","Cell_2",0
"1083",5027,"C>G","Cell_3",0
"1084",5027,"C>G","Cell_4",0
"1085",5027,"C>G","Cell_5",0
"1086",7916,"A>G","Cell_1",0
"1087",7916,"A>G","Cell_2",0.00900900900900901
"1088",7916,"A>G","Cell_3",0
"1089",7916,"A>G","Cell_4",0
"1090",7916,"A>G","Cell_5",0
"1091",10005,"A>G","Cell_1",0
"1092",10005,"A>G","Cell_2",0
"1093",10005,"A>G","Cell_3",0
"1094",10005,"A>G","Cell_4",0
"1095",10005,"A>G","Cell_5",0
"1096",10678,"A>G","Cell_1",0
"1097",10678,"A>G","Cell_2",0.0285714285714286
"1098",10678,"A>G","Cell_3",0
"1099",10678,"A>G","Cell_4",0
"1100",10678,"A>G","Cell_5",0
"1101",15602,"A>G","Cell_1",0
"1102",15602,"A>G","Cell_2",0
"1103",15602,"A>G","Cell_3",0
"1104",15602,"A>G","Cell_4",0
"1105",15602,"A>G","Cell_5",0
"1106",324,"C>T","Cell_1",0
"1107",324,"C>T","Cell_2",0
"1108",324,"C>T","Cell_3",0
"1109",324,"C>T","Cell_4",0
"1110",324,"C>T","Cell_5",0
"1111",437,"C>T","Cell_1",0
"1112",437,"C>T","Cell_2",0.043956043956044
"1113",437,"C>T","Cell_3",0
"1114",437,"C>T","Cell_4",0
"1115",437,"C>T","Cell_5",0.0206185567010309
"1116",465,"C>T","Cell_1",0
"1117",465,"C>T","Cell_2",0
"1118",465,"C>T","Cell_3",0
"1119",465,"C>T","Cell_4",0
"1120",465,"C>T","Cell_5",0
"1121",500,"C>T","Cell_1",0
"1122",500,"C>T","Cell_2",0
"1123",500,"C>T","Cell_3",0
"1124",500,"C>T","Cell_4",0
"1125",500,"C>T","Cell_5",0
"1126",508,"A>T","Cell_1",0
"1127",508,"A>T","Cell_2",0
"1128",508,"A>T","Cell_3",0
"1129",508,"A>T","Cell_4",0
"1130",508,"A>T","Cell_5",0
"1131",518,"C>T","Cell_1",0
"1132",518,"C>T","Cell_2",0
"1133",518,"C>T","Cell_3",0
"1134",518,"C>T","Cell_4",0
"1135",518,"C>T","Cell_5",0
"1136",541,"C>T","Cell_1",0
"1137",541,"C>T","Cell_2",0
"1138",541,"C>T","Cell_3",0
"1139",541,"C>T","Cell_4",0.0204081632653061
"1140",541,"C>T","Cell_5",0.00684931506849315
"1141",545,"G>T","Cell_1",0
"1142",545,"G>T","Cell_2",0
"1143",545,"G>T","Cell_3",0
"1144",545,"G>T","Cell_4",0
"1145",545,"G>T","Cell_5",0
"1146",569,"C>T","Cell_1",0
"1147",569,"C>T","Cell_2",0
"1148",569,"C>T","Cell_3",0
"1149",569,"C>T","Cell_4",0
"1150",569,"C>T","Cell_5",0
"1151",570,"C>T","Cell_1",0
"1152",570,"C>T","Cell_2",0
"1153",570,"C>T","Cell_3",0
"1154",570,"C>T","Cell_4",0
"1155",570,"C>T","Cell_5",0
"1156",592,"C>T","Cell_1",0
"1157",592,"C>T","Cell_2",0
"1158",592,"C>T","Cell_3",0
"1159",592,"C>T","Cell_4",0
"1160",592,"C>T","Cell_5",0
"1161",594,"C>T","Cell_1",0
"1162",594,"C>T","Cell_2",0
"1163",594,"C>T","Cell_3",0
"1164",594,"C>T","Cell_4",0
"1165",594,"C>T","Cell_5",0
"1166",705,"C>T","Cell_1",0
"1167",705,"C>T","Cell_2",0
"1168",705,"C>T","Cell_3",0
"1169",705,"C>T","Cell_4",0
"1170",705,"C>T","Cell_5",0
"1171",709,"G>T","Cell_1",0
"1172",709,"G>T","Cell_2",0
"1173",709,"G>T","Cell_3",0
"1174",709,"G>T","Cell_4",0
"1175",709,"G>T","Cell_5",0
"1176",740,"G>T","Cell_1",0
"1177",740,"G>T","Cell_2",0
"1178",740,"G>T","Cell_3",0
"1179",740,"G>T","Cell_4",0
"1180",740,"G>T","Cell_5",0
"1181",765,"C>T","Cell_1",0
"1182",765,"C>T","Cell_2",0
"1183",765,"C>T","Cell_3",0
"1184",765,"C>T","Cell_4",0
"1185",765,"C>T","Cell_5",0
"1186",808,"C>T","Cell_1",0
"1187",808,"C>T","Cell_2",0
"1188",808,"C>T","Cell_3",0
"1189",808,"C>T","Cell_4",0
"1190",808,"C>T","Cell_5",0
"1191",983,"C>T","Cell_1",0
"1192",983,"C>T","Cell_2",0
"1193",983,"C>T","Cell_3",0
"1194",983,"C>T","Cell_4",0
"1195",983,"C>T","Cell_5",0
"1196",997,"A>T","Cell_1",0
"1197",997,"A>T","Cell_2",0
"1198",997,"A>T","Cell_3",0
"1199",997,"A>T","Cell_4",0
"1200",997,"A>T","Cell_5",0
"1201",1020,"C>T","Cell_1",0
"1202",1020,"C>T","Cell_2",0
"1203",1020,"C>T","Cell_3",0
"1204",1020,"C>T","Cell_4",0
"1205",1020,"C>T","Cell_5",0
"1206",1080,"A>T","Cell_1",0
"1207",1080,"A>T","Cell_2",0
"1208",1080,"A>T","Cell_3",0
"1209",1080,"A>T","Cell_4",0
"1210",1080,"A>T","Cell_5",0
"1211",1141,"C>T","Cell_1",0
"1212",1141,"C>T","Cell_2",0
"1213",1141,"C>T","Cell_3",0
"1214",1141,"C>T","Cell_4",0
"1215",1141,"C>T","Cell_5",0
"1216",1145,"A>T","Cell_1",0
"1217",1145,"A>T","Cell_2",0
"1218",1145,"A>T","Cell_3",0
"1219",1145,"A>T","Cell_4",0
"1220",1145,"A>T","Cell_5",0
"1221",1236,"C>T","Cell_1",0.025974025974026
"1222",1236,"C>T","Cell_2",0
"1223",1236,"C>T","Cell_3",0
"1224",1236,"C>T","Cell_4",0
"1225",1236,"C>T","Cell_5",0
"1226",1264,"C>T","Cell_1",0
"1227",1264,"C>T","Cell_2",0
"1228",1264,"C>T","Cell_3",0
"1229",1264,"C>T","Cell_4",0
"1230",1264,"C>T","Cell_5",0
"1231",1290,"C>T","Cell_1",0
"1232",1290,"C>T","Cell_2",0
"1233",1290,"C>T","Cell_3",0
"1234",1290,"C>T","Cell_4",0
"1235",1290,"C>T","Cell_5",0
"1236",1377,"C>T","Cell_1",0
"1237",1377,"C>T","Cell_2",0.028169014084507
"1238",1377,"C>T","Cell_3",0
"1239",1377,"C>T","Cell_4",0
"1240",1377,"C>T","Cell_5",0
"1241",1378,"C>T","Cell_1",0
"1242",1378,"C>T","Cell_2",0
"1243",1378,"C>T","Cell_3",0
"1244",1378,"C>T","Cell_4",0
"1245",1378,"C>T","Cell_5",0
"1246",1475,"C>T","Cell_1",0
"1247",1475,"C>T","Cell_2",0
"1248",1475,"C>T","Cell_3",0
"1249",1475,"C>T","Cell_4",0
"1250",1475,"C>T","Cell_5",0
"1251",1484,"C>T","Cell_1",0
"1252",1484,"C>T","Cell_2",0
"1253",1484,"C>T","Cell_3",0
"1254",1484,"C>T","Cell_4",0
"1255",1484,"C>T","Cell_5",0
"1256",1530,"A>T","Cell_1",0
"1257",1530,"A>T","Cell_2",0
"1258",1530,"A>T","Cell_3",0
"1259",1530,"A>T","Cell_4",0
"1260",1530,"A>T","Cell_5",0
"1261",1619,"C>T","Cell_1",0
"1262",1619,"C>T","Cell_2",0
"1263",1619,"C>T","Cell_3",0
"1264",1619,"C>T","Cell_4",0
"1265",1619,"C>T","Cell_5",0
"1266",1691,"C>T","Cell_1",0
"1267",1691,"C>T","Cell_2",0
"1268",1691,"C>T","Cell_3",0
"1269",1691,"C>T","Cell_4",0
"1270",1691,"C>T","Cell_5",0
"1271",1901,"C>T","Cell_1",0
"1272",1901,"C>T","Cell_2",0
"1273",1901,"C>T","Cell_3",0
"1274",1901,"C>T","Cell_4",0
"1275",1901,"C>T","Cell_5",0
"1276",1915,"C>T","Cell_1",0
"1277",1915,"C>T","Cell_2",0
"1278",1915,"C>T","Cell_3",0
"1279",1915,"C>T","Cell_4",0
"1280",1915,"C>T","Cell_5",0
"1281",1943,"A>T","Cell_1",0
"1282",1943,"A>T","Cell_2",0
"1283",1943,"A>T","Cell_3",0
"1284",1943,"A>T","Cell_4",0
"1285",1943,"A>T","Cell_5",0
"1286",1989,"C>T","Cell_1",0
"1287",1989,"C>T","Cell_2",0
"1288",1989,"C>T","Cell_3",0
"1289",1989,"C>T","Cell_4",0
"1290",1989,"C>T","Cell_5",0
"1291",2001,"C>T","Cell_1",0
"1292",2001,"C>T","Cell_2",0
"1293",2001,"C>T","Cell_3",0
"1294",2001,"C>T","Cell_4",0
"1295",2001,"C>T","Cell_5",0
"1296",2100,"C>T","Cell_1",0
"1297",2100,"C>T","Cell_2",0
"1298",2100,"C>T","Cell_3",0
"1299",2100,"C>T","Cell_4",0
"1300",2100,"C>T","Cell_5",0
"1301",2111,"C>T","Cell_1",0
"1302",2111,"C>T","Cell_2",0
"1303",2111,"C>T","Cell_3",0
"1304",2111,"C>T","Cell_4",0
"1305",2111,"C>T","Cell_5",0
"1306",2215,"C>T","Cell_1",0
"1307",2215,"C>T","Cell_2",0
"1308",2215,"C>T","Cell_3",0.444444444444444
"1309",2215,"C>T","Cell_4",0
"1310",2215,"C>T","Cell_5",0.0476190476190476
"1311",2217,"C>T","Cell_1",0
"1312",2217,"C>T","Cell_2",0
"1313",2217,"C>T","Cell_3",0
"1314",2217,"C>T","Cell_4",0
"1315",2217,"C>T","Cell_5",0
"1316",2337,"A>T","Cell_1",0
"1317",2337,"A>T","Cell_2",0
"1318",2337,"A>T","Cell_3",0
"1319",2337,"A>T","Cell_4",0
"1320",2337,"A>T","Cell_5",0
"1321",2389,"C>T","Cell_1",0
"1322",2389,"C>T","Cell_2",0
"1323",2389,"C>T","Cell_3",0
"1324",2389,"C>T","Cell_4",0
"1325",2389,"C>T","Cell_5",0
"1326",2396,"C>T","Cell_1",0
"1327",2396,"C>T","Cell_2",0
"1328",2396,"C>T","Cell_3",0
"1329",2396,"C>T","Cell_4",0
"1330",2396,"C>T","Cell_5",0
"1331",2487,"A>T","Cell_1",0
"1332",2487,"A>T","Cell_2",0.0196078431372549
"1333",2487,"A>T","Cell_3",0
"1334",2487,"A>T","Cell_4",0.0112359550561798
"1335",2487,"A>T","Cell_5",0
"1336",2624,"C>T","Cell_1",0
"1337",2624,"C>T","Cell_2",0
"1338",2624,"C>T","Cell_3",0
"1339",2624,"C>T","Cell_4",0
"1340",2624,"C>T","Cell_5",0
"1341",2657,"C>T","Cell_1",0
"1342",2657,"C>T","Cell_2",0.0253164556962025
"1343",2657,"C>T","Cell_3",0
"1344",2657,"C>T","Cell_4",0
"1345",2657,"C>T","Cell_5",0
"1346",2819,"G>T","Cell_1",0
"1347",2819,"G>T","Cell_2",0
"1348",2819,"G>T","Cell_3",0
"1349",2819,"G>T","Cell_4",0
"1350",2819,"G>T","Cell_5",0
"1351",2900,"C>T","Cell_1",0
"1352",2900,"C>T","Cell_2",0
"1353",2900,"C>T","Cell_3",0
"1354",2900,"C>T","Cell_4",0
"1355",2900,"C>T","Cell_5",0
"1356",2957,"G>T","Cell_1",0
"1357",2957,"G>T","Cell_2",0
"1358",2957,"G>T","Cell_3",0
"1359",2957,"G>T","Cell_4",0
"1360",2957,"G>T","Cell_5",0
"1361",2982,"C>T","Cell_1",0
"1362",2982,"C>T","Cell_2",0
"1363",2982,"C>T","Cell_3",0
"1364",2982,"C>T","Cell_4",0
"1365",2982,"C>T","Cell_5",0
"1366",3004,"C>T","Cell_1",0
"1367",3004,"C>T","Cell_2",0.0425531914893617
"1368",3004,"C>T","Cell_3",0
"1369",3004,"C>T","Cell_4",0.00847457627118644
"1370",3004,"C>T","Cell_5",0.0347826086956522
"1371",3157,"C>T","Cell_1",0
"1372",3157,"C>T","Cell_2",0
"1373",3157,"C>T","Cell_3",0
"1374",3157,"C>T","Cell_4",0
"1375",3157,"C>T","Cell_5",0
"1376",3208,"C>T","Cell_1",0
"1377",3208,"C>T","Cell_2",0
"1378",3208,"C>T","Cell_3",0
"1379",3208,"C>T","Cell_4",0
"1380",3208,"C>T","Cell_5",0
"1381",3275,"C>T","Cell_1",0
"1382",3275,"C>T","Cell_2",0
"1383",3275,"C>T","Cell_3",0
"1384",3275,"C>T","Cell_4",0
"1385",3275,"C>T","Cell_5",0
"1386",3305,"A>T","Cell_1",0
"1387",3305,"A>T","Cell_2",0
"1388",3305,"A>T","Cell_3",0
"1389",3305,"A>T","Cell_4",0
"1390",3305,"A>T","Cell_5",0
"1391",3453,"C>T","Cell_1",0
"1392",3453,"C>T","Cell_2",0
"1393",3453,"C>T","Cell_3",0
"1394",3453,"C>T","Cell_4",0
"1395",3453,"C>T","Cell_5",0
"1396",3533,"C>T","Cell_1",0
"1397",3533,"C>T","Cell_2",0
"1398",3533,"C>T","Cell_3",0
"1399",3533,"C>T","Cell_4",0
"1400",3533,"C>T","Cell_5",0
"1401",3549,"C>T","Cell_1",0
"1402",3549,"C>T","Cell_2",0
"1403",3549,"C>T","Cell_3",0
"1404",3549,"C>T","Cell_4",0
"1405",3549,"C>T","Cell_5",0
"1406",3585,"C>T","Cell_1",0
"1407",3585,"C>T","Cell_2",0
"1408",3585,"C>T","Cell_3",0
"1409",3585,"C>T","Cell_4",0
"1410",3585,"C>T","Cell_5",0
"1411",3613,"C>T","Cell_1",0
"1412",3613,"C>T","Cell_2",0
"1413",3613,"C>T","Cell_3",0
"1414",3613,"C>T","Cell_4",0
"1415",3613,"C>T","Cell_5",0
"1416",3643,"G>T","Cell_1",0
"1417",3643,"G>T","Cell_2",0.0208333333333333
"1418",3643,"G>T","Cell_3",0
"1419",3643,"G>T","Cell_4",0
"1420",3643,"G>T","Cell_5",0
"1421",3650,"C>T","Cell_1",0
"1422",3650,"C>T","Cell_2",0.0185185185185185
"1423",3650,"C>T","Cell_3",0.133333333333333
"1424",3650,"C>T","Cell_4",0
"1425",3650,"C>T","Cell_5",0
"1426",3683,"A>T","Cell_1",0
"1427",3683,"A>T","Cell_2",0
"1428",3683,"A>T","Cell_3",0
"1429",3683,"A>T","Cell_4",0
"1430",3683,"A>T","Cell_5",0
"1431",3706,"C>T","Cell_1",0
"1432",3706,"C>T","Cell_2",0.0178571428571429
"1433",3706,"C>T","Cell_3",0
"1434",3706,"C>T","Cell_4",0
"1435",3706,"C>T","Cell_5",0
"1436",3722,"C>T","Cell_1",0
"1437",3722,"C>T","Cell_2",0
"1438",3722,"C>T","Cell_3",0
"1439",3722,"C>T","Cell_4",0
"1440",3722,"C>T","Cell_5",0
"1441",3794,"C>T","Cell_1",0
"1442",3794,"C>T","Cell_2",0
"1443",3794,"C>T","Cell_3",0
"1444",3794,"C>T","Cell_4",0
"1445",3794,"C>T","Cell_5",0
"1446",3817,"C>T","Cell_1",0
"1447",3817,"C>T","Cell_2",0
"1448",3817,"C>T","Cell_3",0
"1449",3817,"C>T","Cell_4",0
"1450",3817,"C>T","Cell_5",0
"1451",3819,"C>T","Cell_1",0
"1452",3819,"C>T","Cell_2",0
"1453",3819,"C>T","Cell_3",0
"1454",3819,"C>T","Cell_4",0
"1455",3819,"C>T","Cell_5",0
"1456",3913,"G>T","Cell_1",0
"1457",3913,"G>T","Cell_2",0
"1458",3913,"G>T","Cell_3",0
"1459",3913,"G>T","Cell_4",0
"1460",3913,"G>T","Cell_5",0
"1461",3966,"C>T","Cell_1",0
"1462",3966,"C>T","Cell_2",0
"1463",3966,"C>T","Cell_3",0
"1464",3966,"C>T","Cell_4",0
"1465",3966,"C>T","Cell_5",0
"1466",3970,"C>T","Cell_1",0
"1467",3970,"C>T","Cell_2",0.0194174757281553
"1468",3970,"C>T","Cell_3",0
"1469",3970,"C>T","Cell_4",0
"1470",3970,"C>T","Cell_5",0
"1471",4052,"C>T","Cell_1",0
"1472",4052,"C>T","Cell_2",0.025
"1473",4052,"C>T","Cell_3",0
"1474",4052,"C>T","Cell_4",0
"1475",4052,"C>T","Cell_5",0
"1476",4086,"C>T","Cell_1",0
"1477",4086,"C>T","Cell_2",0
"1478",4086,"C>T","Cell_3",0
"1479",4086,"C>T","Cell_4",0
"1480",4086,"C>T","Cell_5",0
"1481",4102,"C>T","Cell_1",0
"1482",4102,"C>T","Cell_2",0
"1483",4102,"C>T","Cell_3",0
"1484",4102,"C>T","Cell_4",0
"1485",4102,"C>T","Cell_5",0
"1486",4107,"C>T","Cell_1",0
"1487",4107,"C>T","Cell_2",0
"1488",4107,"C>T","Cell_3",0
"1489",4107,"C>T","Cell_4",0
"1490",4107,"C>T","Cell_5",0
"1491",4152,"C>T","Cell_1",0
"1492",4152,"C>T","Cell_2",0
"1493",4152,"C>T","Cell_3",0
"1494",4152,"C>T","Cell_4",0
"1495",4152,"C>T","Cell_5",0
"1496",4161,"C>T","Cell_1",0
"1497",4161,"C>T","Cell_2",0
"1498",4161,"C>T","Cell_3",0.166666666666667
"1499",4161,"C>T","Cell_4",0
"1500",4161,"C>T","Cell_5",0
"1501",4164,"A>T","Cell_1",0
"1502",4164,"A>T","Cell_2",0
"1503",4164,"A>T","Cell_3",0.333333333333333
"1504",4164,"A>T","Cell_4",0
"1505",4164,"A>T","Cell_5",0
"1506",4165,"C>T","Cell_1",0
"1507",4165,"C>T","Cell_2",0
"1508",4165,"C>T","Cell_3",0
"1509",4165,"C>T","Cell_4",0
"1510",4165,"C>T","Cell_5",0
"1511",4202,"C>T","Cell_1",0
"1512",4202,"C>T","Cell_2",0.0240963855421687
"1513",4202,"C>T","Cell_3",0
"1514",4202,"C>T","Cell_4",0
"1515",4202,"C>T","Cell_5",0
"1516",4221,"C>T","Cell_1",0
"1517",4221,"C>T","Cell_2",0
"1518",4221,"C>T","Cell_3",0.25
"1519",4221,"C>T","Cell_4",0
"1520",4221,"C>T","Cell_5",0
"1521",4224,"C>T","Cell_1",0
"1522",4224,"C>T","Cell_2",0
"1523",4224,"C>T","Cell_3",0
"1524",4224,"C>T","Cell_4",0
"1525",4224,"C>T","Cell_5",0
"1526",4349,"C>T","Cell_1",0
"1527",4349,"C>T","Cell_2",0
"1528",4349,"C>T","Cell_3",0
"1529",4349,"C>T","Cell_4",0
"1530",4349,"C>T","Cell_5",0
"1531",4387,"C>T","Cell_1",0
"1532",4387,"C>T","Cell_2",0
"1533",4387,"C>T","Cell_3",0
"1534",4387,"C>T","Cell_4",0
"1535",4387,"C>T","Cell_5",0
"1536",4439,"C>T","Cell_1",0
"1537",4439,"C>T","Cell_2",0
"1538",4439,"C>T","Cell_3",0
"1539",4439,"C>T","Cell_4",0
"1540",4439,"C>T","Cell_5",0
"1541",4577,"C>T","Cell_1",0
"1542",4577,"C>T","Cell_2",0
"1543",4577,"C>T","Cell_3",0
"1544",4577,"C>T","Cell_4",0
"1545",4577,"C>T","Cell_5",0
"1546",4599,"C>T","Cell_1",0
"1547",4599,"C>T","Cell_2",0
"1548",4599,"C>T","Cell_3",0
"1549",4599,"C>T","Cell_4",0
"1550",4599,"C>T","Cell_5",0
"1551",4777,"C>T","Cell_1",0
"1552",4777,"C>T","Cell_2",0.025
"1553",4777,"C>T","Cell_3",0
"1554",4777,"C>T","Cell_4",0
"1555",4777,"C>T","Cell_5",0
"1556",4914,"C>T","Cell_1",0
"1557",4914,"C>T","Cell_2",0
"1558",4914,"C>T","Cell_3",0
"1559",4914,"C>T","Cell_4",0
"1560",4914,"C>T","Cell_5",0
"1561",5014,"C>T","Cell_1",0
"1562",5014,"C>T","Cell_2",0
"1563",5014,"C>T","Cell_3",0
"1564",5014,"C>T","Cell_4",0
"1565",5014,"C>T","Cell_5",0
"1566",5057,"C>T","Cell_1",0
"1567",5057,"C>T","Cell_2",0
"1568",5057,"C>T","Cell_3",0
"1569",5057,"C>T","Cell_4",0
"1570",5057,"C>T","Cell_5",0
"1571",5113,"C>T","Cell_1",0
"1572",5113,"C>T","Cell_2",0
"1573",5113,"C>T","Cell_3",0
"1574",5113,"C>T","Cell_4",0
"1575",5113,"C>T","Cell_5",0
"1576",5156,"A>T","Cell_1",0
"1577",5156,"A>T","Cell_2",0
"1578",5156,"A>T","Cell_3",0
"1579",5156,"A>T","Cell_4",0
"1580",5156,"A>T","Cell_5",0
"1581",5163,"C>T","Cell_1",0
"1582",5163,"C>T","Cell_2",0
"1583",5163,"C>T","Cell_3",0
"1584",5163,"C>T","Cell_4",0
"1585",5163,"C>T","Cell_5",0
"1586",5213,"C>T","Cell_1",0
"1587",5213,"C>T","Cell_2",0
"1588",5213,"C>T","Cell_3",0
"1589",5213,"C>T","Cell_4",0
"1590",5213,"C>T","Cell_5",0
"1591",5222,"A>T","Cell_1",0
"1592",5222,"A>T","Cell_2",0
"1593",5222,"A>T","Cell_3",0
"1594",5222,"A>T","Cell_4",0
"1595",5222,"A>T","Cell_5",0
"1596",5228,"C>T","Cell_1",0
"1597",5228,"C>T","Cell_2",0
"1598",5228,"C>T","Cell_3",0
"1599",5228,"C>T","Cell_4",0
"1600",5228,"C>T","Cell_5",0
"1601",5255,"C>T","Cell_1",0
"1602",5255,"C>T","Cell_2",0
"1603",5255,"C>T","Cell_3",0.125
"1604",5255,"C>T","Cell_4",0
"1605",5255,"C>T","Cell_5",0
"1606",5342,"C>T","Cell_1",0
"1607",5342,"C>T","Cell_2",0
"1608",5342,"C>T","Cell_3",0
"1609",5342,"C>T","Cell_4",0.0240963855421687
"1610",5342,"C>T","Cell_5",0
"1611",5349,"C>T","Cell_1",0
"1612",5349,"C>T","Cell_2",0
"1613",5349,"C>T","Cell_3",0
"1614",5349,"C>T","Cell_4",0
"1615",5349,"C>T","Cell_5",0
"1616",5377,"C>T","Cell_1",0.0338983050847458
"1617",5377,"C>T","Cell_2",0
"1618",5377,"C>T","Cell_3",0
"1619",5377,"C>T","Cell_4",0
"1620",5377,"C>T","Cell_5",0
"1621",5427,"A>T","Cell_1",0
"1622",5427,"A>T","Cell_2",0
"1623",5427,"A>T","Cell_3",0
"1624",5427,"A>T","Cell_4",0
"1625",5427,"A>T","Cell_5",0
"1626",5437,"C>T","Cell_1",0
"1627",5437,"C>T","Cell_2",0
"1628",5437,"C>T","Cell_3",0
"1629",5437,"C>T","Cell_4",0
"1630",5437,"C>T","Cell_5",0
"1631",5440,"C>T","Cell_1",0
"1632",5440,"C>T","Cell_2",0
"1633",5440,"C>T","Cell_3",0
"1634",5440,"C>T","Cell_4",0
"1635",5440,"C>T","Cell_5",0
"1636",5449,"C>T","Cell_1",0
"1637",5449,"C>T","Cell_2",0
"1638",5449,"C>T","Cell_3",0
"1639",5449,"C>T","Cell_4",0
"1640",5449,"C>T","Cell_5",0
"1641",5624,"C>T","Cell_1",0
"1642",5624,"C>T","Cell_2",0
"1643",5624,"C>T","Cell_3",0
"1644",5624,"C>T","Cell_4",0
"1645",5624,"C>T","Cell_5",0
"1646",5656,"A>T","Cell_1",0
"1647",5656,"A>T","Cell_2",0
"1648",5656,"A>T","Cell_3",0
"1649",5656,"A>T","Cell_4",0
"1650",5656,"A>T","Cell_5",0
"1651",5959,"A>T","Cell_1",0
"1652",5959,"A>T","Cell_2",0
"1653",5959,"A>T","Cell_3",0
"1654",5959,"A>T","Cell_4",0
"1655",5959,"A>T","Cell_5",0
"1656",5969,"C>T","Cell_1",0
"1657",5969,"C>T","Cell_2",0
"1658",5969,"C>T","Cell_3",0
"1659",5969,"C>T","Cell_4",0
"1660",5969,"C>T","Cell_5",0
"1661",5993,"C>T","Cell_1",0
"1662",5993,"C>T","Cell_2",0
"1663",5993,"C>T","Cell_3",0
"1664",5993,"C>T","Cell_4",0
"1665",5993,"C>T","Cell_5",0
"1666",6008,"C>T","Cell_1",0
"1667",6008,"C>T","Cell_2",0
"1668",6008,"C>T","Cell_3",0
"1669",6008,"C>T","Cell_4",0
"1670",6008,"C>T","Cell_5",0
"1671",6122,"C>T","Cell_1",0
"1672",6122,"C>T","Cell_2",0
"1673",6122,"C>T","Cell_3",0
"1674",6122,"C>T","Cell_4",0
"1675",6122,"C>T","Cell_5",0
"1676",6162,"A>T","Cell_1",0
"1677",6162,"A>T","Cell_2",0
"1678",6162,"A>T","Cell_3",0
"1679",6162,"A>T","Cell_4",0
"1680",6162,"A>T","Cell_5",0
"1681",6180,"G>T","Cell_1",0
"1682",6180,"G>T","Cell_2",0
"1683",6180,"G>T","Cell_3",0
"1684",6180,"G>T","Cell_4",0
"1685",6180,"G>T","Cell_5",0
"1686",6191,"C>T","Cell_1",0
"1687",6191,"C>T","Cell_2",0
"1688",6191,"C>T","Cell_3",0
"1689",6191,"C>T","Cell_4",0
"1690",6191,"C>T","Cell_5",0
"1691",6236,"C>T","Cell_1",0
"1692",6236,"C>T","Cell_2",0.025974025974026
"1693",6236,"C>T","Cell_3",0
"1694",6236,"C>T","Cell_4",0
"1695",6236,"C>T","Cell_5",0
"1696",6347,"C>T","Cell_1",0
"1697",6347,"C>T","Cell_2",0
"1698",6347,"C>T","Cell_3",0
"1699",6347,"C>T","Cell_4",0
"1700",6347,"C>T","Cell_5",0
"1701",6445,"C>T","Cell_1",0
"1702",6445,"C>T","Cell_2",0.0188679245283019
"1703",6445,"C>T","Cell_3",0
"1704",6445,"C>T","Cell_4",0
"1705",6445,"C>T","Cell_5",0
"1706",6464,"C>T","Cell_1",0
"1707",6464,"C>T","Cell_2",0
"1708",6464,"C>T","Cell_3",0
"1709",6464,"C>T","Cell_4",0
"1710",6464,"C>T","Cell_5",0
"1711",6491,"C>T","Cell_1",0
"1712",6491,"C>T","Cell_2",0
"1713",6491,"C>T","Cell_3",0
"1714",6491,"C>T","Cell_4",0
"1715",6491,"C>T","Cell_5",0
"1716",6535,"C>T","Cell_1",0.0277777777777778
"1717",6535,"C>T","Cell_2",0
"1718",6535,"C>T","Cell_3",0
"1719",6535,"C>T","Cell_4",0
"1720",6535,"C>T","Cell_5",0
"1721",6563,"C>T","Cell_1",0
"1722",6563,"C>T","Cell_2",0
"1723",6563,"C>T","Cell_3",0
"1724",6563,"C>T","Cell_4",0
"1725",6563,"C>T","Cell_5",0.0099009900990099
"1726",6600,"C>T","Cell_1",0
"1727",6600,"C>T","Cell_2",0
"1728",6600,"C>T","Cell_3",0
"1729",6600,"C>T","Cell_4",0
"1730",6600,"C>T","Cell_5",0
"1731",6617,"C>T","Cell_1",0
"1732",6617,"C>T","Cell_2",0.025
"1733",6617,"C>T","Cell_3",0.166666666666667
"1734",6617,"C>T","Cell_4",0
"1735",6617,"C>T","Cell_5",0
"1736",6746,"C>T","Cell_1",0
"1737",6746,"C>T","Cell_2",0
"1738",6746,"C>T","Cell_3",0
"1739",6746,"C>T","Cell_4",0
"1740",6746,"C>T","Cell_5",0
"1741",6829,"C>T","Cell_1",0
"1742",6829,"C>T","Cell_2",0
"1743",6829,"C>T","Cell_3",0
"1744",6829,"C>T","Cell_4",0
"1745",6829,"C>T","Cell_5",0
"1746",6848,"C>T","Cell_1",0
"1747",6848,"C>T","Cell_2",0
"1748",6848,"C>T","Cell_3",0
"1749",6848,"C>T","Cell_4",0
"1750",6848,"C>T","Cell_5",0
"1751",6875,"C>T","Cell_1",0
"1752",6875,"C>T","Cell_2",0
"1753",6875,"C>T","Cell_3",0.142857142857143
"1754",6875,"C>T","Cell_4",0
"1755",6875,"C>T","Cell_5",0
"1756",6893,"C>T","Cell_1",0
"1757",6893,"C>T","Cell_2",0
"1758",6893,"C>T","Cell_3",0
"1759",6893,"C>T","Cell_4",0
"1760",6893,"C>T","Cell_5",0
"1761",6925,"C>T","Cell_1",0
"1762",6925,"C>T","Cell_2",0.00746268656716418
"1763",6925,"C>T","Cell_3",0
"1764",6925,"C>T","Cell_4",0
"1765",6925,"C>T","Cell_5",0
"1766",7031,"C>T","Cell_1",0
"1767",7031,"C>T","Cell_2",0
"1768",7031,"C>T","Cell_3",0
"1769",7031,"C>T","Cell_4",0
"1770",7031,"C>T","Cell_5",0
"1771",7048,"C>T","Cell_1",0
"1772",7048,"C>T","Cell_2",0
"1773",7048,"C>T","Cell_3",0
"1774",7048,"C>T","Cell_4",0
"1775",7048,"C>T","Cell_5",0
"1776",7112,"C>T","Cell_1",0
"1777",7112,"C>T","Cell_2",0
"1778",7112,"C>T","Cell_3",0
"1779",7112,"C>T","Cell_4",0
"1780",7112,"C>T","Cell_5",0
"1781",7118,"A>T","Cell_1",0
"1782",7118,"A>T","Cell_2",0
"1783",7118,"A>T","Cell_3",0
"1784",7118,"A>T","Cell_4",0
"1785",7118,"A>T","Cell_5",0
"1786",7122,"C>T","Cell_1",0
"1787",7122,"C>T","Cell_2",0
"1788",7122,"C>T","Cell_3",0
"1789",7122,"C>T","Cell_4",0
"1790",7122,"C>T","Cell_5",0
"1791",7126,"C>T","Cell_1",0
"1792",7126,"C>T","Cell_2",0
"1793",7126,"C>T","Cell_3",0
"1794",7126,"C>T","Cell_4",0
"1795",7126,"C>T","Cell_5",0
"1796",7212,"C>T","Cell_1",0
"1797",7212,"C>T","Cell_2",0
"1798",7212,"C>T","Cell_3",0
"1799",7212,"C>T","Cell_4",0
"1800",7212,"C>T","Cell_5",0
"1801",7244,"C>T","Cell_1",0.0754716981132075
"1802",7244,"C>T","Cell_2",0
"1803",7244,"C>T","Cell_3",0
"1804",7244,"C>T","Cell_4",0
"1805",7244,"C>T","Cell_5",0
"1806",7291,"C>T","Cell_1",0
"1807",7291,"C>T","Cell_2",0
"1808",7291,"C>T","Cell_3",0
"1809",7291,"C>T","Cell_4",0
"1810",7291,"C>T","Cell_5",0
"1811",7341,"C>T","Cell_1",0
"1812",7341,"C>T","Cell_2",0
"1813",7341,"C>T","Cell_3",0
"1814",7341,"C>T","Cell_4",0
"1815",7341,"C>T","Cell_5",0
"1816",7363,"A>T","Cell_1",0
"1817",7363,"A>T","Cell_2",0
"1818",7363,"A>T","Cell_3",0
"1819",7363,"A>T","Cell_4",0
"1820",7363,"A>T","Cell_5",0
"1821",7401,"C>T","Cell_1",0
"1822",7401,"C>T","Cell_2",0
"1823",7401,"C>T","Cell_3",0
"1824",7401,"C>T","Cell_4",0
"1825",7401,"C>T","Cell_5",0
"1826",7618,"C>T","Cell_1",0
"1827",7618,"C>T","Cell_2",0
"1828",7618,"C>T","Cell_3",0
"1829",7618,"C>T","Cell_4",0
"1830",7618,"C>T","Cell_5",0
"1831",7623,"C>T","Cell_1",0
"1832",7623,"C>T","Cell_2",0
"1833",7623,"C>T","Cell_3",0
"1834",7623,"C>T","Cell_4",0
"1835",7623,"C>T","Cell_5",0
"1836",7663,"C>T","Cell_1",0
"1837",7663,"C>T","Cell_2",0
"1838",7663,"C>T","Cell_3",0.333333333333333
"1839",7663,"C>T","Cell_4",0.032258064516129
"1840",7663,"C>T","Cell_5",0
"1841",7719,"C>T","Cell_1",0
"1842",7719,"C>T","Cell_2",0
"1843",7719,"C>T","Cell_3",0
"1844",7719,"C>T","Cell_4",0
"1845",7719,"C>T","Cell_5",0
"1846",7750,"C>T","Cell_1",0
"1847",7750,"C>T","Cell_2",0
"1848",7750,"C>T","Cell_3",0
"1849",7750,"C>T","Cell_4",0
"1850",7750,"C>T","Cell_5",0
"1851",7752,"C>T","Cell_1",0
"1852",7752,"C>T","Cell_2",0
"1853",7752,"C>T","Cell_3",0
"1854",7752,"C>T","Cell_4",0
"1855",7752,"C>T","Cell_5",0
"1856",7792,"C>T","Cell_1",0
"1857",7792,"C>T","Cell_2",0
"1858",7792,"C>T","Cell_3",0
"1859",7792,"C>T","Cell_4",0
"1860",7792,"C>T","Cell_5",0
"1861",7794,"C>T","Cell_1",0
"1862",7794,"C>T","Cell_2",0
"1863",7794,"C>T","Cell_3",0
"1864",7794,"C>T","Cell_4",0
"1865",7794,"C>T","Cell_5",0
"1866",7813,"C>T","Cell_1",0
"1867",7813,"C>T","Cell_2",0
"1868",7813,"C>T","Cell_3",0
"1869",7813,"C>T","Cell_4",0
"1870",7813,"C>T","Cell_5",0
"1871",7829,"C>T","Cell_1",0
"1872",7829,"C>T","Cell_2",0.0198019801980198
"1873",7829,"C>T","Cell_3",0.333333333333333
"1874",7829,"C>T","Cell_4",0
"1875",7829,"C>T","Cell_5",0
"1876",7849,"C>T","Cell_1",0
"1877",7849,"C>T","Cell_2",0
"1878",7849,"C>T","Cell_3",0.2
"1879",7849,"C>T","Cell_4",0
"1880",7849,"C>T","Cell_5",0
"1881",7868,"C>T","Cell_1",0
"1882",7868,"C>T","Cell_2",0.00806451612903226
"1883",7868,"C>T","Cell_3",0
"1884",7868,"C>T","Cell_4",0
"1885",7868,"C>T","Cell_5",0
"1886",7892,"C>T","Cell_1",0
"1887",7892,"C>T","Cell_2",0
"1888",7892,"C>T","Cell_3",0
"1889",7892,"C>T","Cell_4",0.0289855072463768
"1890",7892,"C>T","Cell_5",0
"1891",7897,"G>T","Cell_1",0
"1892",7897,"G>T","Cell_2",0
"1893",7897,"G>T","Cell_3",0.2
"1894",7897,"G>T","Cell_4",0
"1895",7897,"G>T","Cell_5",0
"1896",7905,"C>T","Cell_1",0
"1897",7905,"C>T","Cell_2",0
"1898",7905,"C>T","Cell_3",0
"1899",7905,"C>T","Cell_4",0
"1900",7905,"C>T","Cell_5",0
"1901",7909,"C>T","Cell_1",0
"1902",7909,"C>T","Cell_2",0.018348623853211
"1903",7909,"C>T","Cell_3",0
"1904",7909,"C>T","Cell_4",0
"1905",7909,"C>T","Cell_5",0
"1906",7948,"C>T","Cell_1",0
"1907",7948,"C>T","Cell_2",0
"1908",7948,"C>T","Cell_3",0
"1909",7948,"C>T","Cell_4",0
"1910",7948,"C>T","Cell_5",0
"1911",7960,"A>T","Cell_1",0
"1912",7960,"A>T","Cell_2",0
"1913",7960,"A>T","Cell_3",0
"1914",7960,"A>T","Cell_4",0
"1915",7960,"A>T","Cell_5",0
"1916",7978,"C>T","Cell_1",0
"1917",7978,"C>T","Cell_2",0
"1918",7978,"C>T","Cell_3",0.125
"1919",7978,"C>T","Cell_4",0.0169491525423729
"1920",7978,"C>T","Cell_5",0
"1921",7981,"C>T","Cell_1",0
"1922",7981,"C>T","Cell_2",0
"1923",7981,"C>T","Cell_3",0
"1924",7981,"C>T","Cell_4",0
"1925",7981,"C>T","Cell_5",0
"1926",7985,"C>T","Cell_1",0
"1927",7985,"C>T","Cell_2",0.0161290322580645
"1928",7985,"C>T","Cell_3",0
"1929",7985,"C>T","Cell_4",0
"1930",7985,"C>T","Cell_5",0
"1931",8054,"C>T","Cell_1",0
"1932",8054,"C>T","Cell_2",0
"1933",8054,"C>T","Cell_3",0
"1934",8054,"C>T","Cell_4",0
"1935",8054,"C>T","Cell_5",0
"1936",8125,"C>T","Cell_1",0
"1937",8125,"C>T","Cell_2",0
"1938",8125,"C>T","Cell_3",0
"1939",8125,"C>T","Cell_4",0
"1940",8125,"C>T","Cell_5",0
"1941",8209,"C>T","Cell_1",0
"1942",8209,"C>T","Cell_2",0
"1943",8209,"C>T","Cell_3",0
"1944",8209,"C>T","Cell_4",0
"1945",8209,"C>T","Cell_5",0
"1946",8228,"C>T","Cell_1",0
"1947",8228,"C>T","Cell_2",0
"1948",8228,"C>T","Cell_3",0
"1949",8228,"C>T","Cell_4",0
"1950",8228,"C>T","Cell_5",0
"1951",8359,"C>T","Cell_1",0
"1952",8359,"C>T","Cell_2",0
"1953",8359,"C>T","Cell_3",0
"1954",8359,"C>T","Cell_4",0
"1955",8359,"C>T","Cell_5",0
"1956",8406,"C>T","Cell_1",0
"1957",8406,"C>T","Cell_2",0
"1958",8406,"C>T","Cell_3",0
"1959",8406,"C>T","Cell_4",0
"1960",8406,"C>T","Cell_5",0
"1961",8435,"A>T","Cell_1",0
"1962",8435,"A>T","Cell_2",0
"1963",8435,"A>T","Cell_3",0
"1964",8435,"A>T","Cell_4",0
"1965",8435,"A>T","Cell_5",0
"1966",8464,"C>T","Cell_1",0
"1967",8464,"C>T","Cell_2",0
"1968",8464,"C>T","Cell_3",0
"1969",8464,"C>T","Cell_4",0
"1970",8464,"C>T","Cell_5",0
"1971",8479,"A>T","Cell_1",0
"1972",8479,"A>T","Cell_2",0.0227272727272727
"1973",8479,"A>T","Cell_3",0
"1974",8479,"A>T","Cell_4",0
"1975",8479,"A>T","Cell_5",0
"1976",8512,"A>T","Cell_1",0
"1977",8512,"A>T","Cell_2",0
"1978",8512,"A>T","Cell_3",0
"1979",8512,"A>T","Cell_4",0
"1980",8512,"A>T","Cell_5",0
"1981",8535,"A>T","Cell_1",0
"1982",8535,"A>T","Cell_2",0
"1983",8535,"A>T","Cell_3",0
"1984",8535,"A>T","Cell_4",0
"1985",8535,"A>T","Cell_5",0
"1986",8625,"C>T","Cell_1",0
"1987",8625,"C>T","Cell_2",0
"1988",8625,"C>T","Cell_3",0
"1989",8625,"C>T","Cell_4",0
"1990",8625,"C>T","Cell_5",0
"1991",8658,"C>T","Cell_1",0
"1992",8658,"C>T","Cell_2",0
"1993",8658,"C>T","Cell_3",0
"1994",8658,"C>T","Cell_4",0
"1995",8658,"C>T","Cell_5",0
"1996",8676,"C>T","Cell_1",0
"1997",8676,"C>T","Cell_2",0
"1998",8676,"C>T","Cell_3",0
"1999",8676,"C>T","Cell_4",0
"2000",8676,"C>T","Cell_5",0
"2001",8720,"G>T","Cell_1",0
"2002",8720,"G>T","Cell_2",0
"2003",8720,"G>T","Cell_3",0
"2004",8720,"G>T","Cell_4",0
"2005",8720,"G>T","Cell_5",0
"2006",8734,"C>T","Cell_1",0
"2007",8734,"C>T","Cell_2",0
"2008",8734,"C>T","Cell_3",0
"2009",8734,"C>T","Cell_4",0
"2010",8734,"C>T","Cell_5",0
"2011",8740,"C>T","Cell_1",0
"2012",8740,"C>T","Cell_2",0
"2013",8740,"C>T","Cell_3",0
"2014",8740,"C>T","Cell_4",0
"2015",8740,"C>T","Cell_5",0
"2016",8747,"C>T","Cell_1",0
"2017",8747,"C>T","Cell_2",0
"2018",8747,"C>T","Cell_3",0
"2019",8747,"C>T","Cell_4",0
"2020",8747,"C>T","Cell_5",0
"2021",8834,"C>T","Cell_1",0
"2022",8834,"C>T","Cell_2",0.0202020202020202
"2023",8834,"C>T","Cell_3",0
"2024",8834,"C>T","Cell_4",0
"2025",8834,"C>T","Cell_5",0
"2026",8841,"C>T","Cell_1",0
"2027",8841,"C>T","Cell_2",0
"2028",8841,"C>T","Cell_3",0
"2029",8841,"C>T","Cell_4",0
"2030",8841,"C>T","Cell_5",0
"2031",8878,"C>T","Cell_1",0
"2032",8878,"C>T","Cell_2",0
"2033",8878,"C>T","Cell_3",0
"2034",8878,"C>T","Cell_4",0
"2035",8878,"C>T","Cell_5",0
"2036",8984,"C>T","Cell_1",0
"2037",8984,"C>T","Cell_2",0.0373831775700935
"2038",8984,"C>T","Cell_3",0.117647058823529
"2039",8984,"C>T","Cell_4",0.00909090909090909
"2040",8984,"C>T","Cell_5",0.0158730158730159
"2041",9027,"C>T","Cell_1",0
"2042",9027,"C>T","Cell_2",0
"2043",9027,"C>T","Cell_3",0
"2044",9027,"C>T","Cell_4",0
"2045",9027,"C>T","Cell_5",0
"2046",9061,"C>T","Cell_1",0
"2047",9061,"C>T","Cell_2",0
"2048",9061,"C>T","Cell_3",0
"2049",9061,"C>T","Cell_4",0
"2050",9061,"C>T","Cell_5",0
"2051",9081,"C>T","Cell_1",0
"2052",9081,"C>T","Cell_2",0
"2053",9081,"C>T","Cell_3",0
"2054",9081,"C>T","Cell_4",0
"2055",9081,"C>T","Cell_5",0.021978021978022
"2056",9102,"C>T","Cell_1",0
"2057",9102,"C>T","Cell_2",0
"2058",9102,"C>T","Cell_3",0
"2059",9102,"C>T","Cell_4",0
"2060",9102,"C>T","Cell_5",0.021505376344086
"2061",9124,"A>T","Cell_1",0
"2062",9124,"A>T","Cell_2",0
"2063",9124,"A>T","Cell_3",0
"2064",9124,"A>T","Cell_4",0
"2065",9124,"A>T","Cell_5",0
"2066",9138,"C>T","Cell_1",0
"2067",9138,"C>T","Cell_2",0.025
"2068",9138,"C>T","Cell_3",0.0833333333333333
"2069",9138,"C>T","Cell_4",0
"2070",9138,"C>T","Cell_5",0
"2071",9162,"C>T","Cell_1",0
"2072",9162,"C>T","Cell_2",0
"2073",9162,"C>T","Cell_3",0
"2074",9162,"C>T","Cell_4",0
"2075",9162,"C>T","Cell_5",0
"2076",9168,"C>T","Cell_1",0
"2077",9168,"C>T","Cell_2",0
"2078",9168,"C>T","Cell_3",0
"2079",9168,"C>T","Cell_4",0
"2080",9168,"C>T","Cell_5",0
"2081",9270,"C>T","Cell_1",0.0206185567010309
"2082",9270,"C>T","Cell_2",0
"2083",9270,"C>T","Cell_3",0
"2084",9270,"C>T","Cell_4",0
"2085",9270,"C>T","Cell_5",0
"2086",9277,"C>T","Cell_1",0
"2087",9277,"C>T","Cell_2",0
"2088",9277,"C>T","Cell_3",0
"2089",9277,"C>T","Cell_4",0
"2090",9277,"C>T","Cell_5",0
"2091",9289,"C>T","Cell_1",0.0104166666666667
"2092",9289,"C>T","Cell_2",0
"2093",9289,"C>T","Cell_3",0
"2094",9289,"C>T","Cell_4",0
"2095",9289,"C>T","Cell_5",0
"2096",9301,"C>T","Cell_1",0
"2097",9301,"C>T","Cell_2",0
"2098",9301,"C>T","Cell_3",0
"2099",9301,"C>T","Cell_4",0
"2100",9301,"C>T","Cell_5",0
"2101",9314,"C>T","Cell_1",0
"2102",9314,"C>T","Cell_2",0
"2103",9314,"C>T","Cell_3",0
"2104",9314,"C>T","Cell_4",0
"2105",9314,"C>T","Cell_5",0.00909090909090909
"2106",9370,"A>T","Cell_1",0
"2107",9370,"A>T","Cell_2",0
"2108",9370,"A>T","Cell_3",0
"2109",9370,"A>T","Cell_4",0
"2110",9370,"A>T","Cell_5",0
"2111",9371,"C>T","Cell_1",0
"2112",9371,"C>T","Cell_2",0
"2113",9371,"C>T","Cell_3",0
"2114",9371,"C>T","Cell_4",0
"2115",9371,"C>T","Cell_5",0
"2116",9383,"C>T","Cell_1",0
"2117",9383,"C>T","Cell_2",0
"2118",9383,"C>T","Cell_3",0
"2119",9383,"C>T","Cell_4",0
"2120",9383,"C>T","Cell_5",0
"2121",9512,"C>T","Cell_1",0
"2122",9512,"C>T","Cell_2",0
"2123",9512,"C>T","Cell_3",0
"2124",9512,"C>T","Cell_4",0
"2125",9512,"C>T","Cell_5",0
"2126",9521,"C>T","Cell_1",0
"2127",9521,"C>T","Cell_2",0
"2128",9521,"C>T","Cell_3",0
"2129",9521,"C>T","Cell_4",0
"2130",9521,"C>T","Cell_5",0
"2131",9535,"C>T","Cell_1",0
"2132",9535,"C>T","Cell_2",0
"2133",9535,"C>T","Cell_3",0
"2134",9535,"C>T","Cell_4",0
"2135",9535,"C>T","Cell_5",0
"2136",9569,"C>T","Cell_1",0
"2137",9569,"C>T","Cell_2",0.0196078431372549
"2138",9569,"C>T","Cell_3",0
"2139",9569,"C>T","Cell_4",0
"2140",9569,"C>T","Cell_5",0.0212765957446809
"2141",9582,"C>T","Cell_1",0
"2142",9582,"C>T","Cell_2",0
"2143",9582,"C>T","Cell_3",0
"2144",9582,"C>T","Cell_4",0
"2145",9582,"C>T","Cell_5",0
"2146",9585,"C>T","Cell_1",0
"2147",9585,"C>T","Cell_2",0
"2148",9585,"C>T","Cell_3",0
"2149",9585,"C>T","Cell_4",0
"2150",9585,"C>T","Cell_5",0
"2151",9593,"C>T","Cell_1",0
"2152",9593,"C>T","Cell_2",0
"2153",9593,"C>T","Cell_3",0
"2154",9593,"C>T","Cell_4",0
"2155",9593,"C>T","Cell_5",0
"2156",9651,"C>T","Cell_1",0
"2157",9651,"C>T","Cell_2",0
"2158",9651,"C>T","Cell_3",0
"2159",9651,"C>T","Cell_4",0
"2160",9651,"C>T","Cell_5",0
"2161",9668,"C>T","Cell_1",0
"2162",9668,"C>T","Cell_2",0
"2163",9668,"C>T","Cell_3",0
"2164",9668,"C>T","Cell_4",0
"2165",9668,"C>T","Cell_5",0
"2166",9726,"A>T","Cell_1",0
"2167",9726,"A>T","Cell_2",0
"2168",9726,"A>T","Cell_3",0
"2169",9726,"A>T","Cell_4",0
"2170",9726,"A>T","Cell_5",0
"2171",9752,"C>T","Cell_1",0.012987012987013
"2172",9752,"C>T","Cell_2",0.0198019801980198
"2173",9752,"C>T","Cell_3",0.181818181818182
"2174",9752,"C>T","Cell_4",0
"2175",9752,"C>T","Cell_5",0
"2176",9908,"C>T","Cell_1",0
"2177",9908,"C>T","Cell_2",0
"2178",9908,"C>T","Cell_3",0
"2179",9908,"C>T","Cell_4",0
"2180",9908,"C>T","Cell_5",0
"2181",9928,"A>T","Cell_1",0
"2182",9928,"A>T","Cell_2",0
"2183",9928,"A>T","Cell_3",0
"2184",9928,"A>T","Cell_4",0
"2185",9928,"A>T","Cell_5",0
"2186",10070,"C>T","Cell_1",0
"2187",10070,"C>T","Cell_2",0
"2188",10070,"C>T","Cell_3",0
"2189",10070,"C>T","Cell_4",0
"2190",10070,"C>T","Cell_5",0
"2191",10094,"C>T","Cell_1",0
"2192",10094,"C>T","Cell_2",0
"2193",10094,"C>T","Cell_3",0
"2194",10094,"C>T","Cell_4",0
"2195",10094,"C>T","Cell_5",0
"2196",10095,"C>T","Cell_1",0
"2197",10095,"C>T","Cell_2",0
"2198",10095,"C>T","Cell_3",0
"2199",10095,"C>T","Cell_4",0
"2200",10095,"C>T","Cell_5",0
"2201",10142,"C>T","Cell_1",0
"2202",10142,"C>T","Cell_2",0
"2203",10142,"C>T","Cell_3",0
"2204",10142,"C>T","Cell_4",0
"2205",10142,"C>T","Cell_5",0
"2206",10148,"C>T","Cell_1",0
"2207",10148,"C>T","Cell_2",0
"2208",10148,"C>T","Cell_3",0
"2209",10148,"C>T","Cell_4",0
"2210",10148,"C>T","Cell_5",0
"2211",10165,"C>T","Cell_1",0
"2212",10165,"C>T","Cell_2",0
"2213",10165,"C>T","Cell_3",0
"2214",10165,"C>T","Cell_4",0
"2215",10165,"C>T","Cell_5",0
"2216",10198,"C>T","Cell_1",0
"2217",10198,"C>T","Cell_2",0
"2218",10198,"C>T","Cell_3",0
"2219",10198,"C>T","Cell_4",0
"2220",10198,"C>T","Cell_5",0
"2221",10267,"C>T","Cell_1",0
"2222",10267,"C>T","Cell_2",0
"2223",10267,"C>T","Cell_3",0
"2224",10267,"C>T","Cell_4",0
"2225",10267,"C>T","Cell_5",0
"2226",10285,"C>T","Cell_1",0
"2227",10285,"C>T","Cell_2",0
"2228",10285,"C>T","Cell_3",0
"2229",10285,"C>T","Cell_4",0
"2230",10285,"C>T","Cell_5",0
"2231",10354,"C>T","Cell_1",0
"2232",10354,"C>T","Cell_2",0
"2233",10354,"C>T","Cell_3",0
"2234",10354,"C>T","Cell_4",0
"2235",10354,"C>T","Cell_5",0
"2236",10466,"C>T","Cell_1",0
"2237",10466,"C>T","Cell_2",0
"2238",10466,"C>T","Cell_3",0
"2239",10466,"C>T","Cell_4",0
"2240",10466,"C>T","Cell_5",0
"2241",10527,"C>T","Cell_1",0
"2242",10527,"C>T","Cell_2",0
"2243",10527,"C>T","Cell_3",0
"2244",10527,"C>T","Cell_4",0
"2245",10527,"C>T","Cell_5",0
"2246",10555,"C>T","Cell_1",0
"2247",10555,"C>T","Cell_2",0
"2248",10555,"C>T","Cell_3",0
"2249",10555,"C>T","Cell_4",0
"2250",10555,"C>T","Cell_5",0
"2251",10560,"C>T","Cell_1",0
"2252",10560,"C>T","Cell_2",0.0103092783505155
"2253",10560,"C>T","Cell_3",0
"2254",10560,"C>T","Cell_4",0
"2255",10560,"C>T","Cell_5",0
"2256",10620,"A>T","Cell_1",0
"2257",10620,"A>T","Cell_2",0
"2258",10620,"A>T","Cell_3",0
"2259",10620,"A>T","Cell_4",0
"2260",10620,"A>T","Cell_5",0
"2261",10627,"C>T","Cell_1",0
"2262",10627,"C>T","Cell_2",0
"2263",10627,"C>T","Cell_3",0
"2264",10627,"C>T","Cell_4",0
"2265",10627,"C>T","Cell_5",0
"2266",10664,"C>T","Cell_1",0
"2267",10664,"C>T","Cell_2",0
"2268",10664,"C>T","Cell_3",0
"2269",10664,"C>T","Cell_4",0
"2270",10664,"C>T","Cell_5",0
"2271",10691,"C>T","Cell_1",0
"2272",10691,"C>T","Cell_2",0
"2273",10691,"C>T","Cell_3",0
"2274",10691,"C>T","Cell_4",0
"2275",10691,"C>T","Cell_5",0
"2276",10733,"C>T","Cell_1",0
"2277",10733,"C>T","Cell_2",0
"2278",10733,"C>T","Cell_3",0
"2279",10733,"C>T","Cell_4",0
"2280",10733,"C>T","Cell_5",0
"2281",10796,"C>T","Cell_1",0
"2282",10796,"C>T","Cell_2",0
"2283",10796,"C>T","Cell_3",0
"2284",10796,"C>T","Cell_4",0
"2285",10796,"C>T","Cell_5",0.0212765957446809
"2286",10874,"C>T","Cell_1",0
"2287",10874,"C>T","Cell_2",0
"2288",10874,"C>T","Cell_3",0
"2289",10874,"C>T","Cell_4",0
"2290",10874,"C>T","Cell_5",0
"2291",10917,"C>T","Cell_1",0
"2292",10917,"C>T","Cell_2",0
"2293",10917,"C>T","Cell_3",0
"2294",10917,"C>T","Cell_4",0
"2295",10917,"C>T","Cell_5",0
"2296",10920,"C>T","Cell_1",0
"2297",10920,"C>T","Cell_2",0
"2298",10920,"C>T","Cell_3",0
"2299",10920,"C>T","Cell_4",0
"2300",10920,"C>T","Cell_5",0
"2301",10937,"C>T","Cell_1",0
"2302",10937,"C>T","Cell_2",0.0185185185185185
"2303",10937,"C>T","Cell_3",0
"2304",10937,"C>T","Cell_4",0
"2305",10937,"C>T","Cell_5",0
"2306",10944,"C>T","Cell_1",0
"2307",10944,"C>T","Cell_2",0
"2308",10944,"C>T","Cell_3",0
"2309",10944,"C>T","Cell_4",0
"2310",10944,"C>T","Cell_5",0
"2311",10961,"C>T","Cell_1",0
"2312",10961,"C>T","Cell_2",0
"2313",10961,"C>T","Cell_3",0
"2314",10961,"C>T","Cell_4",0
"2315",10961,"C>T","Cell_5",0
"2316",10995,"C>T","Cell_1",0
"2317",10995,"C>T","Cell_2",0
"2318",10995,"C>T","Cell_3",0
"2319",10995,"C>T","Cell_4",0
"2320",10995,"C>T","Cell_5",0
"2321",11013,"C>T","Cell_1",0.0273972602739726
"2322",11013,"C>T","Cell_2",0.0283018867924528
"2323",11013,"C>T","Cell_3",0
"2324",11013,"C>T","Cell_4",0
"2325",11013,"C>T","Cell_5",0.016
"2326",11028,"C>T","Cell_1",0
"2327",11028,"C>T","Cell_2",0
"2328",11028,"C>T","Cell_3",0
"2329",11028,"C>T","Cell_4",0
"2330",11028,"C>T","Cell_5",0
"2331",11043,"A>T","Cell_1",0
"2332",11043,"A>T","Cell_2",0
"2333",11043,"A>T","Cell_3",0
"2334",11043,"A>T","Cell_4",0
"2335",11043,"A>T","Cell_5",0
"2336",11119,"C>T","Cell_1",0
"2337",11119,"C>T","Cell_2",0
"2338",11119,"C>T","Cell_3",0
"2339",11119,"C>T","Cell_4",0
"2340",11119,"C>T","Cell_5",0
"2341",11170,"C>T","Cell_1",0
"2342",11170,"C>T","Cell_2",0
"2343",11170,"C>T","Cell_3",0
"2344",11170,"C>T","Cell_4",0
"2345",11170,"C>T","Cell_5",0
"2346",11178,"C>T","Cell_1",0
"2347",11178,"C>T","Cell_2",0
"2348",11178,"C>T","Cell_3",0
"2349",11178,"C>T","Cell_4",0
"2350",11178,"C>T","Cell_5",0
"2351",11215,"C>T","Cell_1",0
"2352",11215,"C>T","Cell_2",0
"2353",11215,"C>T","Cell_3",0.222222222222222
"2354",11215,"C>T","Cell_4",0
"2355",11215,"C>T","Cell_5",0
"2356",11257,"C>T","Cell_1",0
"2357",11257,"C>T","Cell_2",0
"2358",11257,"C>T","Cell_3",0
"2359",11257,"C>T","Cell_4",0
"2360",11257,"C>T","Cell_5",0
"2361",11302,"C>T","Cell_1",0
"2362",11302,"C>T","Cell_2",0
"2363",11302,"C>T","Cell_3",0
"2364",11302,"C>T","Cell_4",0
"2365",11302,"C>T","Cell_5",0
"2366",11384,"C>T","Cell_1",0
"2367",11384,"C>T","Cell_2",0
"2368",11384,"C>T","Cell_3",0
"2369",11384,"C>T","Cell_4",0
"2370",11384,"C>T","Cell_5",0
"2371",11404,"A>T","Cell_1",0
"2372",11404,"A>T","Cell_2",0
"2373",11404,"A>T","Cell_3",0
"2374",11404,"A>T","Cell_4",0
"2375",11404,"A>T","Cell_5",0
"2376",11495,"C>T","Cell_1",0
"2377",11495,"C>T","Cell_2",0
"2378",11495,"C>T","Cell_3",0
"2379",11495,"C>T","Cell_4",0
"2380",11495,"C>T","Cell_5",0
"2381",11497,"C>T","Cell_1",0
"2382",11497,"C>T","Cell_2",0.02
"2383",11497,"C>T","Cell_3",0
"2384",11497,"C>T","Cell_4",0
"2385",11497,"C>T","Cell_5",0.0208333333333333
"2386",11499,"C>T","Cell_1",0
"2387",11499,"C>T","Cell_2",0
"2388",11499,"C>T","Cell_3",0
"2389",11499,"C>T","Cell_4",0
"2390",11499,"C>T","Cell_5",0
"2391",11509,"C>T","Cell_1",0
"2392",11509,"C>T","Cell_2",0
"2393",11509,"C>T","Cell_3",0.111111111111111
"2394",11509,"C>T","Cell_4",0
"2395",11509,"C>T","Cell_5",0
"2396",11581,"C>T","Cell_1",0
"2397",11581,"C>T","Cell_2",0
"2398",11581,"C>T","Cell_3",0
"2399",11581,"C>T","Cell_4",0
"2400",11581,"C>T","Cell_5",0
"2401",11632,"C>T","Cell_1",0
"2402",11632,"C>T","Cell_2",0
"2403",11632,"C>T","Cell_3",0.222222222222222
"2404",11632,"C>T","Cell_4",0.025974025974026
"2405",11632,"C>T","Cell_5",0
"2406",11672,"A>T","Cell_1",0
"2407",11672,"A>T","Cell_2",0
"2408",11672,"A>T","Cell_3",0
"2409",11672,"A>T","Cell_4",0
"2410",11672,"A>T","Cell_5",0.0212765957446809
"2411",11673,"C>T","Cell_1",0
"2412",11673,"C>T","Cell_2",0
"2413",11673,"C>T","Cell_3",0.166666666666667
"2414",11673,"C>T","Cell_4",0
"2415",11673,"C>T","Cell_5",0
"2416",11710,"C>T","Cell_1",0
"2417",11710,"C>T","Cell_2",0
"2418",11710,"C>T","Cell_3",0
"2419",11710,"C>T","Cell_4",0
"2420",11710,"C>T","Cell_5",0
"2421",11724,"C>T","Cell_1",0
"2422",11724,"C>T","Cell_2",0
"2423",11724,"C>T","Cell_3",0
"2424",11724,"C>T","Cell_4",0
"2425",11724,"C>T","Cell_5",0
"2426",11730,"C>T","Cell_1",0
"2427",11730,"C>T","Cell_2",0
"2428",11730,"C>T","Cell_3",0
"2429",11730,"C>T","Cell_4",0
"2430",11730,"C>T","Cell_5",0
"2431",11761,"C>T","Cell_1",0
"2432",11761,"C>T","Cell_2",0.0112359550561798
"2433",11761,"C>T","Cell_3",0
"2434",11761,"C>T","Cell_4",0
"2435",11761,"C>T","Cell_5",0
"2436",11789,"C>T","Cell_1",0
"2437",11789,"C>T","Cell_2",0
"2438",11789,"C>T","Cell_3",0.133333333333333
"2439",11789,"C>T","Cell_4",0
"2440",11789,"C>T","Cell_5",0
"2441",11801,"C>T","Cell_1",0
"2442",11801,"C>T","Cell_2",0
"2443",11801,"C>T","Cell_3",0
"2444",11801,"C>T","Cell_4",0
"2445",11801,"C>T","Cell_5",0
"2446",11815,"C>T","Cell_1",0
"2447",11815,"C>T","Cell_2",0
"2448",11815,"C>T","Cell_3",0
"2449",11815,"C>T","Cell_4",0
"2450",11815,"C>T","Cell_5",0
"2451",11863,"C>T","Cell_1",0
"2452",11863,"C>T","Cell_2",0
"2453",11863,"C>T","Cell_3",0
"2454",11863,"C>T","Cell_4",0
"2455",11863,"C>T","Cell_5",0
"2456",11871,"C>T","Cell_1",0
"2457",11871,"C>T","Cell_2",0
"2458",11871,"C>T","Cell_3",0
"2459",11871,"C>T","Cell_4",0
"2460",11871,"C>T","Cell_5",0
"2461",11913,"C>T","Cell_1",0
"2462",11913,"C>T","Cell_2",0
"2463",11913,"C>T","Cell_3",0
"2464",11913,"C>T","Cell_4",0
"2465",11913,"C>T","Cell_5",0
"2466",11934,"C>T","Cell_1",0
"2467",11934,"C>T","Cell_2",0
"2468",11934,"C>T","Cell_3",0
"2469",11934,"C>T","Cell_4",0
"2470",11934,"C>T","Cell_5",0
"2471",11979,"C>T","Cell_1",0
"2472",11979,"C>T","Cell_2",0
"2473",11979,"C>T","Cell_3",0
"2474",11979,"C>T","Cell_4",0
"2475",11979,"C>T","Cell_5",0
"2476",12053,"C>T","Cell_1",0.0238095238095238
"2477",12053,"C>T","Cell_2",0
"2478",12053,"C>T","Cell_3",0
"2479",12053,"C>T","Cell_4",0
"2480",12053,"C>T","Cell_5",0
"2481",12060,"A>T","Cell_1",0
"2482",12060,"A>T","Cell_2",0
"2483",12060,"A>T","Cell_3",0.2
"2484",12060,"A>T","Cell_4",0
"2485",12060,"A>T","Cell_5",0
"2486",12061,"C>T","Cell_1",0
"2487",12061,"C>T","Cell_2",0
"2488",12061,"C>T","Cell_3",0
"2489",12061,"C>T","Cell_4",0.02
"2490",12061,"C>T","Cell_5",0
"2491",12151,"A>T","Cell_1",0
"2492",12151,"A>T","Cell_2",0
"2493",12151,"A>T","Cell_3",0
"2494",12151,"A>T","Cell_4",0
"2495",12151,"A>T","Cell_5",0
"2496",12191,"C>T","Cell_1",0.0481927710843374
"2497",12191,"C>T","Cell_2",0.0166666666666667
"2498",12191,"C>T","Cell_3",0.375
"2499",12191,"C>T","Cell_4",0.0208333333333333
"2500",12191,"C>T","Cell_5",0.0833333333333333
"2501",12237,"C>T","Cell_1",0
"2502",12237,"C>T","Cell_2",0
"2503",12237,"C>T","Cell_3",0
"2504",12237,"C>T","Cell_4",0
"2505",12237,"C>T","Cell_5",0
"2506",12281,"C>T","Cell_1",0
"2507",12281,"C>T","Cell_2",0
"2508",12281,"C>T","Cell_3",0
"2509",12281,"C>T","Cell_4",0
"2510",12281,"C>T","Cell_5",0
"2511",12381,"A>T","Cell_1",0
"2512",12381,"A>T","Cell_2",0
"2513",12381,"A>T","Cell_3",0
"2514",12381,"A>T","Cell_4",0
"2515",12381,"A>T","Cell_5",0
"2516",12397,"A>T","Cell_1",0
"2517",12397,"A>T","Cell_2",0
"2518",12397,"A>T","Cell_3",0
"2519",12397,"A>T","Cell_4",0
"2520",12397,"A>T","Cell_5",0
"2521",12425,"A>T","Cell_1",0
"2522",12425,"A>T","Cell_2",0.00980392156862745
"2523",12425,"A>T","Cell_3",0.0714285714285714
"2524",12425,"A>T","Cell_4",0
"2525",12425,"A>T","Cell_5",0.0206185567010309
"2526",12546,"A>T","Cell_1",0
"2527",12546,"A>T","Cell_2",0
"2528",12546,"A>T","Cell_3",0
"2529",12546,"A>T","Cell_4",0
"2530",12546,"A>T","Cell_5",0
"2531",12554,"C>T","Cell_1",0
"2532",12554,"C>T","Cell_2",0
"2533",12554,"C>T","Cell_3",0
"2534",12554,"C>T","Cell_4",0
"2535",12554,"C>T","Cell_5",0
"2536",12603,"C>T","Cell_1",0
"2537",12603,"C>T","Cell_2",0
"2538",12603,"C>T","Cell_3",0
"2539",12603,"C>T","Cell_4",0
"2540",12603,"C>T","Cell_5",0
"2541",12700,"C>T","Cell_1",0
"2542",12700,"C>T","Cell_2",0.0892857142857143
"2543",12700,"C>T","Cell_3",0
"2544",12700,"C>T","Cell_4",0.174603174603175
"2545",12700,"C>T","Cell_5",0.028169014084507
"2546",12774,"C>T","Cell_1",0
"2547",12774,"C>T","Cell_2",0
"2548",12774,"C>T","Cell_3",0
"2549",12774,"C>T","Cell_4",0
"2550",12774,"C>T","Cell_5",0
"2551",12813,"C>T","Cell_1",0
"2552",12813,"C>T","Cell_2",0
"2553",12813,"C>T","Cell_3",0.133333333333333
"2554",12813,"C>T","Cell_4",0
"2555",12813,"C>T","Cell_5",0
"2556",12853,"C>T","Cell_1",0
"2557",12853,"C>T","Cell_2",0
"2558",12853,"C>T","Cell_3",0
"2559",12853,"C>T","Cell_4",0
"2560",12853,"C>T","Cell_5",0.021505376344086
"2561",12857,"A>T","Cell_1",0
"2562",12857,"A>T","Cell_2",0
"2563",12857,"A>T","Cell_3",0
"2564",12857,"A>T","Cell_4",0
"2565",12857,"A>T","Cell_5",0
"2566",12867,"C>T","Cell_1",0
"2567",12867,"C>T","Cell_2",0
"2568",12867,"C>T","Cell_3",0
"2569",12867,"C>T","Cell_4",0
"2570",12867,"C>T","Cell_5",0
"2571",12882,"C>T","Cell_1",0
"2572",12882,"C>T","Cell_2",0
"2573",12882,"C>T","Cell_3",0
"2574",12882,"C>T","Cell_4",0
"2575",12882,"C>T","Cell_5",0
"2576",12914,"C>T","Cell_1",0
"2577",12914,"C>T","Cell_2",0
"2578",12914,"C>T","Cell_3",0
"2579",12914,"C>T","Cell_4",0
"2580",12914,"C>T","Cell_5",0
"2581",12951,"C>T","Cell_1",0
"2582",12951,"C>T","Cell_2",0
"2583",12951,"C>T","Cell_3",0
"2584",12951,"C>T","Cell_4",0
"2585",12951,"C>T","Cell_5",0
"2586",12968,"C>T","Cell_1",0.00961538461538462
"2587",12968,"C>T","Cell_2",0
"2588",12968,"C>T","Cell_3",0
"2589",12968,"C>T","Cell_4",0.0170940170940171
"2590",12968,"C>T","Cell_5",0
"2591",12970,"C>T","Cell_1",0
"2592",12970,"C>T","Cell_2",0
"2593",12970,"C>T","Cell_3",0
"2594",12970,"C>T","Cell_4",0.0173913043478261
"2595",12970,"C>T","Cell_5",0
"2596",12975,"A>T","Cell_1",0
"2597",12975,"A>T","Cell_2",0
"2598",12975,"A>T","Cell_3",0
"2599",12975,"A>T","Cell_4",0
"2600",12975,"A>T","Cell_5",0
"2601",12988,"C>T","Cell_1",0
"2602",12988,"C>T","Cell_2",0
"2603",12988,"C>T","Cell_3",0
"2604",12988,"C>T","Cell_4",0
"2605",12988,"C>T","Cell_5",0
"2606",13024,"C>T","Cell_1",0
"2607",13024,"C>T","Cell_2",0
"2608",13024,"C>T","Cell_3",0
"2609",13024,"C>T","Cell_4",0
"2610",13024,"C>T","Cell_5",0
"2611",13213,"C>T","Cell_1",0
"2612",13213,"C>T","Cell_2",0.0423728813559322
"2613",13213,"C>T","Cell_3",0
"2614",13213,"C>T","Cell_4",0
"2615",13213,"C>T","Cell_5",0
"2616",13227,"C>T","Cell_1",0
"2617",13227,"C>T","Cell_2",0
"2618",13227,"C>T","Cell_3",0
"2619",13227,"C>T","Cell_4",0
"2620",13227,"C>T","Cell_5",0
"2621",13261,"C>T","Cell_1",0
"2622",13261,"C>T","Cell_2",0
"2623",13261,"C>T","Cell_3",0
"2624",13261,"C>T","Cell_4",0
"2625",13261,"C>T","Cell_5",0
"2626",13300,"C>T","Cell_1",0
"2627",13300,"C>T","Cell_2",0
"2628",13300,"C>T","Cell_3",0
"2629",13300,"C>T","Cell_4",0
"2630",13300,"C>T","Cell_5",0
"2631",13370,"C>T","Cell_1",0
"2632",13370,"C>T","Cell_2",0
"2633",13370,"C>T","Cell_3",0
"2634",13370,"C>T","Cell_4",0
"2635",13370,"C>T","Cell_5",0
"2636",13380,"C>T","Cell_1",0
"2637",13380,"C>T","Cell_2",0
"2638",13380,"C>T","Cell_3",0
"2639",13380,"C>T","Cell_4",0
"2640",13380,"C>T","Cell_5",0
"2641",13440,"C>T","Cell_1",0
"2642",13440,"C>T","Cell_2",0
"2643",13440,"C>T","Cell_3",0
"2644",13440,"C>T","Cell_4",0.0188679245283019
"2645",13440,"C>T","Cell_5",0
"2646",13486,"C>T","Cell_1",0
"2647",13486,"C>T","Cell_2",0
"2648",13486,"C>T","Cell_3",0
"2649",13486,"C>T","Cell_4",0
"2650",13486,"C>T","Cell_5",0
"2651",13508,"C>T","Cell_1",0
"2652",13508,"C>T","Cell_2",0
"2653",13508,"C>T","Cell_3",0
"2654",13508,"C>T","Cell_4",0
"2655",13508,"C>T","Cell_5",0
"2656",13534,"A>T","Cell_1",0
"2657",13534,"A>T","Cell_2",0
"2658",13534,"A>T","Cell_3",0
"2659",13534,"A>T","Cell_4",0
"2660",13534,"A>T","Cell_5",0
"2661",13541,"C>T","Cell_1",0
"2662",13541,"C>T","Cell_2",0
"2663",13541,"C>T","Cell_3",0
"2664",13541,"C>T","Cell_4",0
"2665",13541,"C>T","Cell_5",0
"2666",13578,"C>T","Cell_1",0
"2667",13578,"C>T","Cell_2",0
"2668",13578,"C>T","Cell_3",0
"2669",13578,"C>T","Cell_4",0
"2670",13578,"C>T","Cell_5",0
"2671",13583,"C>T","Cell_1",0
"2672",13583,"C>T","Cell_2",0
"2673",13583,"C>T","Cell_3",0
"2674",13583,"C>T","Cell_4",0
"2675",13583,"C>T","Cell_5",0
"2676",13618,"C>T","Cell_1",0
"2677",13618,"C>T","Cell_2",0
"2678",13618,"C>T","Cell_3",0
"2679",13618,"C>T","Cell_4",0.0173913043478261
"2680",13618,"C>T","Cell_5",0.0227272727272727
"2681",13682,"C>T","Cell_1",0
"2682",13682,"C>T","Cell_2",0
"2683",13682,"C>T","Cell_3",0
"2684",13682,"C>T","Cell_4",0
"2685",13682,"C>T","Cell_5",0
"2686",13691,"A>T","Cell_1",0
"2687",13691,"A>T","Cell_2",0
"2688",13691,"A>T","Cell_3",0
"2689",13691,"A>T","Cell_4",0
"2690",13691,"A>T","Cell_5",0
"2691",13800,"C>T","Cell_1",0
"2692",13800,"C>T","Cell_2",0
"2693",13800,"C>T","Cell_3",0
"2694",13800,"C>T","Cell_4",0
"2695",13800,"C>T","Cell_5",0
"2696",13815,"C>T","Cell_1",0
"2697",13815,"C>T","Cell_2",0
"2698",13815,"C>T","Cell_3",0
"2699",13815,"C>T","Cell_4",0
"2700",13815,"C>T","Cell_5",0
"2701",13835,"C>T","Cell_1",0
"2702",13835,"C>T","Cell_2",0
"2703",13835,"C>T","Cell_3",0
"2704",13835,"C>T","Cell_4",0
"2705",13835,"C>T","Cell_5",0
"2706",13848,"C>T","Cell_1",0
"2707",13848,"C>T","Cell_2",0
"2708",13848,"C>T","Cell_3",0
"2709",13848,"C>T","Cell_4",0
"2710",13848,"C>T","Cell_5",0
"2711",13911,"A>T","Cell_1",0
"2712",13911,"A>T","Cell_2",0
"2713",13911,"A>T","Cell_3",0
"2714",13911,"A>T","Cell_4",0
"2715",13911,"A>T","Cell_5",0.025974025974026
"2716",13959,"C>T","Cell_1",0
"2717",13959,"C>T","Cell_2",0
"2718",13959,"C>T","Cell_3",0
"2719",13959,"C>T","Cell_4",0
"2720",13959,"C>T","Cell_5",0
"2721",14071,"A>T","Cell_1",0
"2722",14071,"A>T","Cell_2",0
"2723",14071,"A>T","Cell_3",0
"2724",14071,"A>T","Cell_4",0
"2725",14071,"A>T","Cell_5",0
"2726",14096,"A>T","Cell_1",0
"2727",14096,"A>T","Cell_2",0
"2728",14096,"A>T","Cell_3",0
"2729",14096,"A>T","Cell_4",0
"2730",14096,"A>T","Cell_5",0
"2731",14105,"C>T","Cell_1",0
"2732",14105,"C>T","Cell_2",0
"2733",14105,"C>T","Cell_3",0
"2734",14105,"C>T","Cell_4",0
"2735",14105,"C>T","Cell_5",0
"2736",14121,"C>T","Cell_1",0
"2737",14121,"C>T","Cell_2",0
"2738",14121,"C>T","Cell_3",0
"2739",14121,"C>T","Cell_4",0
"2740",14121,"C>T","Cell_5",0
"2741",14150,"C>T","Cell_1",0
"2742",14150,"C>T","Cell_2",0
"2743",14150,"C>T","Cell_3",0
"2744",14150,"C>T","Cell_4",0
"2745",14150,"C>T","Cell_5",0
"2746",14225,"C>T","Cell_1",0
"2747",14225,"C>T","Cell_2",0
"2748",14225,"C>T","Cell_3",0.5
"2749",14225,"C>T","Cell_4",0
"2750",14225,"C>T","Cell_5",0
"2751",14235,"C>T","Cell_1",0
"2752",14235,"C>T","Cell_2",0
"2753",14235,"C>T","Cell_3",0
"2754",14235,"C>T","Cell_4",0
"2755",14235,"C>T","Cell_5",0
"2756",14296,"A>T","Cell_1",0
"2757",14296,"A>T","Cell_2",0
"2758",14296,"A>T","Cell_3",0
"2759",14296,"A>T","Cell_4",0
"2760",14296,"A>T","Cell_5",0
"2761",14310,"C>T","Cell_1",0
"2762",14310,"C>T","Cell_2",0
"2763",14310,"C>T","Cell_3",0
"2764",14310,"C>T","Cell_4",0
"2765",14310,"C>T","Cell_5",0
"2766",14356,"C>T","Cell_1",0
"2767",14356,"C>T","Cell_2",0.0206185567010309
"2768",14356,"C>T","Cell_3",0
"2769",14356,"C>T","Cell_4",0
"2770",14356,"C>T","Cell_5",0
"2771",14372,"C>T","Cell_1",0
"2772",14372,"C>T","Cell_2",0
"2773",14372,"C>T","Cell_3",0
"2774",14372,"C>T","Cell_4",0
"2775",14372,"C>T","Cell_5",0
"2776",14373,"C>T","Cell_1",0
"2777",14373,"C>T","Cell_2",0
"2778",14373,"C>T","Cell_3",0
"2779",14373,"C>T","Cell_4",0
"2780",14373,"C>T","Cell_5",0
"2781",14426,"C>T","Cell_1",0
"2782",14426,"C>T","Cell_2",0
"2783",14426,"C>T","Cell_3",0
"2784",14426,"C>T","Cell_4",0
"2785",14426,"C>T","Cell_5",0
"2786",14433,"C>T","Cell_1",0
"2787",14433,"C>T","Cell_2",0.0119047619047619
"2788",14433,"C>T","Cell_3",0
"2789",14433,"C>T","Cell_4",0
"2790",14433,"C>T","Cell_5",0
"2791",14504,"A>T","Cell_1",0
"2792",14504,"A>T","Cell_2",0
"2793",14504,"A>T","Cell_3",0
"2794",14504,"A>T","Cell_4",0
"2795",14504,"A>T","Cell_5",0
"2796",14619,"A>T","Cell_1",0
"2797",14619,"A>T","Cell_2",0
"2798",14619,"A>T","Cell_3",0
"2799",14619,"A>T","Cell_4",0
"2800",14619,"A>T","Cell_5",0
"2801",14620,"C>T","Cell_1",0
"2802",14620,"C>T","Cell_2",0
"2803",14620,"C>T","Cell_3",0
"2804",14620,"C>T","Cell_4",0
"2805",14620,"C>T","Cell_5",0
"2806",14813,"A>T","Cell_1",0
"2807",14813,"A>T","Cell_2",0
"2808",14813,"A>T","Cell_3",0
"2809",14813,"A>T","Cell_4",0
"2810",14813,"A>T","Cell_5",0
"2811",14817,"C>T","Cell_1",0
"2812",14817,"C>T","Cell_2",0
"2813",14817,"C>T","Cell_3",0
"2814",14817,"C>T","Cell_4",0
"2815",14817,"C>T","Cell_5",0
"2816",14872,"C>T","Cell_1",0
"2817",14872,"C>T","Cell_2",0
"2818",14872,"C>T","Cell_3",0.133333333333333
"2819",14872,"C>T","Cell_4",0.0175438596491228
"2820",14872,"C>T","Cell_5",0
"2821",14902,"C>T","Cell_1",0
"2822",14902,"C>T","Cell_2",0
"2823",14902,"C>T","Cell_3",0
"2824",14902,"C>T","Cell_4",0
"2825",14902,"C>T","Cell_5",0
"2826",14916,"C>T","Cell_1",0
"2827",14916,"C>T","Cell_2",0
"2828",14916,"C>T","Cell_3",0
"2829",14916,"C>T","Cell_4",0
"2830",14916,"C>T","Cell_5",0
"2831",14947,"C>T","Cell_1",0
"2832",14947,"C>T","Cell_2",0
"2833",14947,"C>T","Cell_3",0.133333333333333
"2834",14947,"C>T","Cell_4",0
"2835",14947,"C>T","Cell_5",0
"2836",14980,"C>T","Cell_1",0
"2837",14980,"C>T","Cell_2",0
"2838",14980,"C>T","Cell_3",0
"2839",14980,"C>T","Cell_4",0
"2840",14980,"C>T","Cell_5",0
"2841",14984,"C>T","Cell_1",0
"2842",14984,"C>T","Cell_2",0
"2843",14984,"C>T","Cell_3",0
"2844",14984,"C>T","Cell_4",0
"2845",14984,"C>T","Cell_5",0
"2846",14997,"C>T","Cell_1",0.0144927536231884
"2847",14997,"C>T","Cell_2",0.018348623853211
"2848",14997,"C>T","Cell_3",0.0555555555555556
"2849",14997,"C>T","Cell_4",0.0198019801980198
"2850",14997,"C>T","Cell_5",0
"2851",15068,"C>T","Cell_1",0
"2852",15068,"C>T","Cell_2",0
"2853",15068,"C>T","Cell_3",0.285714285714286
"2854",15068,"C>T","Cell_4",0
"2855",15068,"C>T","Cell_5",0
"2856",15073,"C>T","Cell_1",0
"2857",15073,"C>T","Cell_2",0
"2858",15073,"C>T","Cell_3",0
"2859",15073,"C>T","Cell_4",0
"2860",15073,"C>T","Cell_5",0
"2861",15095,"A>T","Cell_1",0
"2862",15095,"A>T","Cell_2",0
"2863",15095,"A>T","Cell_3",0
"2864",15095,"A>T","Cell_4",0
"2865",15095,"A>T","Cell_5",0
"2866",15111,"C>T","Cell_1",0
"2867",15111,"C>T","Cell_2",0
"2868",15111,"C>T","Cell_3",0.0625
"2869",15111,"C>T","Cell_4",0
"2870",15111,"C>T","Cell_5",0
"2871",15130,"C>T","Cell_1",0
"2872",15130,"C>T","Cell_2",0
"2873",15130,"C>T","Cell_3",0
"2874",15130,"C>T","Cell_4",0
"2875",15130,"C>T","Cell_5",0
"2876",15198,"C>T","Cell_1",0
"2877",15198,"C>T","Cell_2",0
"2878",15198,"C>T","Cell_3",0
"2879",15198,"C>T","Cell_4",0
"2880",15198,"C>T","Cell_5",0.0101010101010101
"2881",15202,"C>T","Cell_1",0
"2882",15202,"C>T","Cell_2",0
"2883",15202,"C>T","Cell_3",0
"2884",15202,"C>T","Cell_4",0
"2885",15202,"C>T","Cell_5",0
"2886",15259,"C>T","Cell_1",0.206349206349206
"2887",15259,"C>T","Cell_2",0.485294117647059
"2888",15259,"C>T","Cell_3",0.0833333333333333
"2889",15259,"C>T","Cell_4",0.232758620689655
"2890",15259,"C>T","Cell_5",0.704347826086957
"2891",15265,"C>T","Cell_1",0
"2892",15265,"C>T","Cell_2",0.0317460317460317
"2893",15265,"C>T","Cell_3",0
"2894",15265,"C>T","Cell_4",0
"2895",15265,"C>T","Cell_5",0
"2896",15271,"C>T","Cell_1",0
"2897",15271,"C>T","Cell_2",0
"2898",15271,"C>T","Cell_3",0
"2899",15271,"C>T","Cell_4",0
"2900",15271,"C>T","Cell_5",0
"2901",15324,"C>T","Cell_1",0
"2902",15324,"C>T","Cell_2",0
"2903",15324,"C>T","Cell_3",0
"2904",15324,"C>T","Cell_4",0
"2905",15324,"C>T","Cell_5",0
"2906",15386,"C>T","Cell_1",0
"2907",15386,"C>T","Cell_2",0
"2908",15386,"C>T","Cell_3",0.166666666666667
"2909",15386,"C>T","Cell_4",0.018018018018018
"2910",15386,"C>T","Cell_5",0
"2911",15400,"C>T","Cell_1",0
"2912",15400,"C>T","Cell_2",0
"2913",15400,"C>T","Cell_3",0
"2914",15400,"C>T","Cell_4",0
"2915",15400,"C>T","Cell_5",0
"2916",15485,"C>T","Cell_1",0
"2917",15485,"C>T","Cell_2",0
"2918",15485,"C>T","Cell_3",0
"2919",15485,"C>T","Cell_4",0
"2920",15485,"C>T","Cell_5",0
"2921",15490,"C>T","Cell_1",0
"2922",15490,"C>T","Cell_2",0
"2923",15490,"C>T","Cell_3",0
"2924",15490,"C>T","Cell_4",0
"2925",15490,"C>T","Cell_5",0
"2926",15508,"C>T","Cell_1",0
"2927",15508,"C>T","Cell_2",0
"2928",15508,"C>T","Cell_3",0
"2929",15508,"C>T","Cell_4",0
"2930",15508,"C>T","Cell_5",0
"2931",15528,"C>T","Cell_1",0
"2932",15528,"C>T","Cell_2",0
"2933",15528,"C>T","Cell_3",0
"2934",15528,"C>T","Cell_4",0
"2935",15528,"C>T","Cell_5",0
"2936",15539,"C>T","Cell_1",0
"2937",15539,"C>T","Cell_2",0
"2938",15539,"C>T","Cell_3",0
"2939",15539,"C>T","Cell_4",0
"2940",15539,"C>T","Cell_5",0
"2941",15608,"C>T","Cell_1",0
"2942",15608,"C>T","Cell_2",0.024390243902439
"2943",15608,"C>T","Cell_3",0
"2944",15608,"C>T","Cell_4",0.0263157894736842
"2945",15608,"C>T","Cell_5",0
"2946",15624,"C>T","Cell_1",0
"2947",15624,"C>T","Cell_2",0
"2948",15624,"C>T","Cell_3",0
"2949",15624,"C>T","Cell_4",0
"2950",15624,"C>T","Cell_5",0
"2951",15636,"C>T","Cell_1",0
"2952",15636,"C>T","Cell_2",0
"2953",15636,"C>T","Cell_3",0
"2954",15636,"C>T","Cell_4",0
"2955",15636,"C>T","Cell_5",0
"2956",15651,"C>T","Cell_1",0
"2957",15651,"C>T","Cell_2",0
"2958",15651,"C>T","Cell_3",0
"2959",15651,"C>T","Cell_4",0
"2960",15651,"C>T","Cell_5",0
"2961",15658,"C>T","Cell_1",0
"2962",15658,"C>T","Cell_2",0
"2963",15658,"C>T","Cell_3",0
"2964",15658,"C>T","Cell_4",0
"2965",15658,"C>T","Cell_5",0
"2966",15660,"C>T","Cell_1",0
"2967",15660,"C>T","Cell_2",0
"2968",15660,"C>T","Cell_3",0
"2969",15660,"C>T","Cell_4",0
"2970",15660,"C>T","Cell_5",0
"2971",15698,"C>T","Cell_1",0
"2972",15698,"C>T","Cell_2",0
"2973",15698,"C>T","Cell_3",0
"2974",15698,"C>T","Cell_4",0
"2975",15698,"C>T","Cell_5",0.0256410256410256
"2976",15702,"C>T","Cell_1",0
"2977",15702,"C>T","Cell_2",0
"2978",15702,"C>T","Cell_3",0
"2979",15702,"C>T","Cell_4",0
"2980",15702,"C>T","Cell_5",0
"2981",15715,"A>T","Cell_1",0
"2982",15715,"A>T","Cell_2",0
"2983",15715,"A>T","Cell_3",0
"2984",15715,"A>T","Cell_4",0
"2985",15715,"A>T","Cell_5",0
"2986",15745,"C>T","Cell_1",0
"2987",15745,"C>T","Cell_2",0
"2988",15745,"C>T","Cell_3",0
"2989",15745,"C>T","Cell_4",0
"2990",15745,"C>T","Cell_5",0
"2991",15749,"C>T","Cell_1",0
"2992",15749,"C>T","Cell_2",0.0198019801980198
"2993",15749,"C>T","Cell_3",0
"2994",15749,"C>T","Cell_4",0
"2995",15749,"C>T","Cell_5",0
"2996",15753,"C>T","Cell_1",0
"2997",15753,"C>T","Cell_2",0
"2998",15753,"C>T","Cell_3",0
"2999",15753,"C>T","Cell_4",0
"3000",15753,"C>T","Cell_5",0
"3001",15761,"G>T","Cell_1",0
"3002",15761,"G>T","Cell_2",0
"3003",15761,"G>T","Cell_3",0
"3004",15761,"G>T","Cell_4",0
"3005",15761,"G>T","Cell_5",0
"3006",15807,"C>T","Cell_1",0
"3007",15807,"C>T","Cell_2",0
"3008",15807,"C>T","Cell_3",0
"3009",15807,"C>T","Cell_4",0
"3010",15807,"C>T","Cell_5",0
"3011",15810,"C>T","Cell_1",0
"3012",15810,"C>T","Cell_2",0
"3013",15810,"C>T","Cell_3",0
"3014",15810,"C>T","Cell_4",0
"3015",15810,"C>T","Cell_5",0
"3016",15820,"C>T","Cell_1",0
"3017",15820,"C>T","Cell_2",0
"3018",15820,"C>T","Cell_3",0
"3019",15820,"C>T","Cell_4",0
"3020",15820,"C>T","Cell_5",0
"3021",15890,"C>T","Cell_1",0
"3022",15890,"C>T","Cell_2",0
"3023",15890,"C>T","Cell_3",0
"3024",15890,"C>T","Cell_4",0
"3025",15890,"C>T","Cell_5",0
"3026",15904,"C>T","Cell_1",0
"3027",15904,"C>T","Cell_2",0
"3028",15904,"C>T","Cell_3",0
"3029",15904,"C>T","Cell_4",0
"3030",15904,"C>T","Cell_5",0
"3031",15953,"A>T","Cell_1",0
"3032",15953,"A>T","Cell_2",0
"3033",15953,"A>T","Cell_3",0
"3034",15953,"A>T","Cell_4",0
"3035",15953,"A>T","Cell_5",0
"3036",15957,"C>T","Cell_1",0
"3037",15957,"C>T","Cell_2",0
"3038",15957,"C>T","Cell_3",0
"3039",15957,"C>T","Cell_4",0
"3040",15957,"C>T","Cell_5",0
"3041",15981,"C>T","Cell_1",0
"3042",15981,"C>T","Cell_2",0
"3043",15981,"C>T","Cell_3",0
"3044",15981,"C>T","Cell_4",0
"3045",15981,"C>T","Cell_5",0
"3046",16067,"C>T","Cell_1",0
"3047",16067,"C>T","Cell_2",0
"3048",16067,"C>T","Cell_3",0
"3049",16067,"C>T","Cell_4",0
"3050",16067,"C>T","Cell_5",0
"3051",16108,"C>T","Cell_1",0
"3052",16108,"C>T","Cell_2",0
"3053",16108,"C>T","Cell_3",0
"3054",16108,"C>T","Cell_4",0
"3055",16108,"C>T","Cell_5",0
"3056",16184,"C>T","Cell_1",0
"3057",16184,"C>T","Cell_2",0
"3058",16184,"C>T","Cell_3",0
"3059",16184,"C>T","Cell_4",0
"3060",16184,"C>T","Cell_5",0
"3061",16232,"C>T","Cell_1",0
"3062",16232,"C>T","Cell_2",0
"3063",16232,"C>T","Cell_3",0
"3064",16232,"C>T","Cell_4",0
"3065",16232,"C>T","Cell_5",0
"3066",16252,"A>T","Cell_1",0
"3067",16252,"A>T","Cell_2",0
"3068",16252,"A>T","Cell_3",0
"3069",16252,"A>T","Cell_4",0
"3070",16252,"A>T","Cell_5",0
"3071",16301,"C>T","Cell_1",0
"3072",16301,"C>T","Cell_2",0
"3073",16301,"C>T","Cell_3",0
"3074",16301,"C>T","Cell_4",0
"3075",16301,"C>T","Cell_5",0
"3076",16303,"G>T","Cell_1",0
"3077",16303,"G>T","Cell_2",0
"3078",16303,"G>T","Cell_3",0
"3079",16303,"G>T","Cell_4",0
"3080",16303,"G>T","Cell_5",0
"3081",16353,"C>T","Cell_1",0
"3082",16353,"C>T","Cell_2",0
"3083",16353,"C>T","Cell_3",0
"3084",16353,"C>T","Cell_4",0
"3085",16353,"C>T","Cell_5",0
"3086",16360,"C>T","Cell_1",0
"3087",16360,"C>T","Cell_2",0
"3088",16360,"C>T","Cell_3",0
"3089",16360,"C>T","Cell_4",0
"3090",16360,"C>T","Cell_5",0
"3091",16401,"C>T","Cell_1",0
"3092",16401,"C>T","Cell_2",0
"3093",16401,"C>T","Cell_3",0
"3094",16401,"C>T","Cell_4",0
"3095",16401,"C>T","Cell_5",0
"3096",16449,"C>T","Cell_1",0
"3097",16449,"C>T","Cell_2",0
"3098",16449,"C>T","Cell_3",0
"3099",16449,"C>T","Cell_4",0
"3100",16449,"C>T","Cell_5",0
