,orig.ident,nCount_VAF,nFeature_VAF,VAF_snn_res.1,seurat_clusters
AAACGAATCACTAGGT-1,SeuratProject,32.7440948128131,396,6,6
AAACTCGTCACTCGTC-1,SeuratProject,41.631259530842,668,0,0
AAACTCGTCTTGTGCC-1,SeuratProject,39.5008320597522,661,4,4
AAACTGCAGGTGATGC-1,SeuratProject,40.5767893529194,1155,0,0
AAACTGCAGTGAACCG-1,SeuratProject,37.6706965135506,536,0,0
AAAGATGAGCGATACG-1,SeuratProject,39.7945323291943,1178,0,0
AAAGATGGTATCAGCT-1,SeuratProject,34.5275293109474,193,7,7
AAAGATGGTGCGACCT-1,SeuratProject,38.1872723751672,806,4,4
AAAGGGCCACAGCTTA-1,SeuratProject,39.4717544530081,766,2,2
AAATGAGAGCGTCAAG-1,SeuratProject,37.9521506296391,932,2,2
AAATGAGGTCATTGGT-1,SeuratProject,38.9788785873181,1616,0,0
AAATGAGTCACTGGTA-1,SeuratProject,36.7783918322791,1074,0,0
AAATGCCAGTTGCTTG-1,SeuratProject,35.9881627210763,683,0,0
AAATGCCGTAAACGGC-1,SeuratProject,40.7903596954064,991,0,0
AACAAAGTCATGCTTT-1,SeuratProject,38.4778139529502,1149,2,2
AACAGTCAGACAGCTG-1,SeuratProject,45.3017769610153,822,1,1
AACAGTCGTAGAAAGG-1,SeuratProject,40.4051567944915,773,3,3
AACAGTCGTCGAGGAT-1,SeuratProject,38.9280986637504,628,2,2
AACAGTCTCATCGCAA-1,SeuratProject,40.7541371979077,1086,3,3
AACCAACAGTGTCGGA-1,SeuratProject,36.360735947134,927,1,1
AACCAACGTGCCAAGA-1,SeuratProject,40.897220278295,862,5,5
AACCGATAGCGCGTTC-1,SeuratProject,37.3398335560974,442,1,1
AACCGATTCGGATGTT-1,SeuratProject,38.7222727313519,649,1,1
AACCTGAGTGTTAGAA-1,SeuratProject,41.6307646882566,846,0,0
AACCTTTCATTCTCGC-1,SeuratProject,39.4506778584383,944,2,2
AACCTTTGTCCTATTT-1,SeuratProject,39.9570560182185,884,3,3
AACCTTTTCAGTTGAC-1,SeuratProject,40.8251628851718,929,3,3
AACCTTTTCTACTGCC-1,SeuratProject,36.5211553909997,1168,0,0
AACGAGGCAATGGCTT-1,SeuratProject,41.0545239497243,1260,1,1
AACGAGGCAGCTTACA-1,SeuratProject,36.1617406041149,417,1,1
AACGAGGGTATGTCCA-1,SeuratProject,40.0742619401459,647,0,0
AACGGGAAGAGTGGAA-1,SeuratProject,40.9605061242987,1457,2,2
AACGGGATCGTTCCGT-1,SeuratProject,40.1399634432833,839,2,2
AACGTACCATGGCCGT-1,SeuratProject,40.0947933728384,571,1,1
AACGTACGTTTAAGCC-1,SeuratProject,37.5486589681487,978,1,1
AACGTACTCTGAACGT-1,SeuratProject,37.2273688983588,1213,0,0
AACTGGTCATTCTTTG-1,SeuratProject,37.9318308957111,835,2,2
AACTGTGAGCGGACAT-1,SeuratProject,37.8692843508013,949,2,2
AACTGTGGTTTGTAGC-1,SeuratProject,41.9273919410976,870,0,0
AACTTGGGTCTGTCCT-1,SeuratProject,40.4737512305654,1116,2,2
AACTTGGTCGAGCGCT-1,SeuratProject,37.3375081712487,644,0,0
AAGATAGGTATGAAGT-1,SeuratProject,37.8068727931513,787,0,0
AAGATAGGTATGGATA-1,SeuratProject,36.2468264024392,749,3,3
AAGATAGTCTACTGCC-1,SeuratProject,40.4856683389392,966,0,0
AAGGAGCAGCCTGGTC-1,SeuratProject,44.857620617551,487,3,3
AAGGAGCCACAGGAAC-1,SeuratProject,37.8482549792188,311,0,0
AATACGCAGAGGTCCA-1,SeuratProject,39.390781872119,1120,1,1
AATACGCAGCGGACAT-1,SeuratProject,39.7335126821071,1394,2,2
AATGCCAAGACTAGCG-1,SeuratProject,39.2160034957354,739,1,1
AATGCCACAGAGAGAA-1,SeuratProject,37.441531936182,1137,1,1
AATGCCATCGCAGATT-1,SeuratProject,29.9798220106392,937,0,0
AATGGAACAGTAGTCT-1,SeuratProject,40.7546877169052,764,2,2
AATGGCTTCTTGTGCC-1,SeuratProject,36.8041287734143,1005,1,1
AATGTCGAGCTAGCAG-1,SeuratProject,38.1732954536164,1160,0,0
AATGTCGCAATGTGTC-1,SeuratProject,43.2206511551531,596,0,0
ACAAACCCATCAACTG-1,SeuratProject,39.6993788402583,817,2,2
ACAAAGACAGGAGCAT-1,SeuratProject,41.4831551375507,788,1,1
ACAATCGAGGTTCGTT-1,SeuratProject,39.9131880385309,794,2,2
ACAATCGGTCGATTAC-1,SeuratProject,38.172904924383,582,0,0
ACAATCGTCAGTCACA-1,SeuratProject,37.1249371760299,562,1,1
ACAGAAATCACTCGTC-1,SeuratProject,46.8664050479673,410,0,0
ACAGACTAGTACGACG-1,SeuratProject,41.3451170853165,353,3,3
ACAGACTCAGCGTAGA-1,SeuratProject,39.992343734078,1073,2,2
ACAGACTCAGGAGCAT-1,SeuratProject,43.7182386833096,765,0,0
ACAGACTTCGAGGTCC-1,SeuratProject,38.2117189152008,860,4,4
ACAGCGCCACCTATTT-1,SeuratProject,39.2303084624334,1149,2,2
ACAGCGCCATCATGTG-1,SeuratProject,38.032443336304,1008,1,1
ACAGCGCGTAGTATCC-1,SeuratProject,38.7908552314455,1293,2,2
ACAGCGCTCGTTCAGA-1,SeuratProject,39.4435908515435,843,1,1
ACAGGCCGTAACGTAA-1,SeuratProject,39.753696618504,1242,2,2
ACAGGCCGTGCTGAAG-1,SeuratProject,37.7137398113392,702,0,0
ACAGGCCGTTAGTAGA-1,SeuratProject,37.747549586881,576,0,0
ACATGCAGTGGTCGAA-1,SeuratProject,39.001625440138,796,2,2
ACATGGTAGCAATAAC-1,SeuratProject,37.0504909128331,1056,0,0
ACATGGTTCGGCTATA-1,SeuratProject,38.93012597403,1424,2,2
ACCAAACAGGCCTCGT-1,SeuratProject,38.7759964680858,1031,0,0
ACCAAACCAAGTCTGT-1,SeuratProject,41.9309389911757,510,3,3
ACCAAACGTTAGGAGC-1,SeuratProject,34.2223447566201,427,1,1
ACCAAACTCGTCCCAT-1,SeuratProject,39.0972888748405,862,0,0
ACCATCCGTGTCCAGC-1,SeuratProject,40.5890740654745,1051,5,5
ACCCAAAAGTTGCCGC-1,SeuratProject,39.1299687949021,875,1,1
ACCCAAAGTCGAGAAC-1,SeuratProject,37.0311341081296,545,1,1
ACCCAAAGTGCTGTGC-1,SeuratProject,41.4060299800117,1441,2,2
ACCCAAATCTCGCGGA-1,SeuratProject,39.2782885650771,1296,2,2
ACCGAATCAGCTGATT-1,SeuratProject,38.3065239618596,694,0,0
ACCGCAGAGAGTTTGA-1,SeuratProject,42.1560798077518,742,1,1
ACCGCAGCACGCGATC-1,SeuratProject,39.4983802892163,927,1,1
ACCGGGTGTTAGGCTT-1,SeuratProject,40.5761730617156,1247,1,1
ACCTGCTCAGACTAAA-1,SeuratProject,36.0489659754373,1056,0,0
ACCTGCTCATTGCACA-1,SeuratProject,38.5286724168782,1267,3,3
ACCTGCTTCAGTGTAC-1,SeuratProject,41.2668823857153,1405,2,2
ACCTGCTTCCTGGGAC-1,SeuratProject,36.2141265594655,1006,1,1
ACGGATTCAATTGGCT-1,SeuratProject,38.3108596816332,777,2,2
ACGGATTTCGGTACTA-1,SeuratProject,39.0766134645942,1323,8,8
ACGTGGCAGAGTCCGA-1,SeuratProject,43.9995090843883,799,0,0
ACGTGGCGTAGCCATT-1,SeuratProject,41.5810879796049,292,3,3
ACGTGGCGTGCCAAGA-1,SeuratProject,40.5383312489599,940,2,2
ACGTTAGTCGTTGTAG-1,SeuratProject,39.2817146368536,487,2,2
ACTAACGCAAGCGGTA-1,SeuratProject,36.2515314343576,1108,1,1
ACTACCCCATTTGGCA-1,SeuratProject,39.8096807143055,1146,2,2
ACTACGAAGCCTTTGA-1,SeuratProject,41.5318741190774,928,0,0
ACTACGATCCCGGGTA-1,SeuratProject,36.7114108760146,749,1,1
ACTAGGTAGTCAGCCC-1,SeuratProject,35.4406949582177,1045,6,6
ACTATTCTCGATGTGT-1,SeuratProject,41.9752171490414,718,0,0
ACTCGGGGTGCGTGTC-1,SeuratProject,46.1867978636594,622,0,0
ACTGCAACAAGGCTTT-1,SeuratProject,33.8159385724628,460,6,6
ACTGCAAGTTCGGGAA-1,SeuratProject,33.7136609733666,884,0,0
ACTGCAATCTATTTCG-1,SeuratProject,39.173693405718,1042,0,0
ACTGCGGGTAACAATG-1,SeuratProject,37.2590522679234,624,0,0
ACTGCGGGTGGTGGTA-1,SeuratProject,38.1367222461686,1146,1,1
ACTGCGGGTTAGGAGC-1,SeuratProject,37.61708186437,832,0,0
ACTGCGGTCCGAGAGA-1,SeuratProject,39.2169062919617,922,3,3
ACTGTCCAGGGCTCTC-1,SeuratProject,40.5975265880894,919,1,1
ACTGTCCCATAGATAG-1,SeuratProject,37.773021803427,506,4,4
ACTTCCGAGTTACCAC-1,SeuratProject,38.4959217281074,714,2,2
ACTTCCGGTACGACCC-1,SeuratProject,39.4715788569892,1260,2,2
ACTTCCGGTCCTTCAC-1,SeuratProject,38.7599903332504,546,1,1
ACTTCCGGTTCCTGTC-1,SeuratProject,40.7197412050498,404,1,1
ACTTTCATCCTGTGGG-1,SeuratProject,36.1167767787165,689,0,0
AGACAAAGTGCCCAGT-1,SeuratProject,38.7749799682415,890,0,0
AGATAGAGTGTTTCTT-1,SeuratProject,37.8235960956719,1376,0,0
AGATTCGGTATTCTCT-1,SeuratProject,39.7249740980267,1418,2,2
AGCCAGCTCAAGAGGC-1,SeuratProject,40.8816025247815,966,2,2
AGCCAGCTCTCGGCGA-1,SeuratProject,38.4140373272309,964,2,2
AGCCTCTCAGAGATGC-1,SeuratProject,37.5202071757118,549,4,4
AGCCTGGAGGATTTGA-1,SeuratProject,39.9652303045607,779,1,1
AGCCTGGGTCATTGCA-1,SeuratProject,38.8094300391989,1428,2,2
AGCCTTCCAGTATACC-1,SeuratProject,40.8188702318027,1245,1,1
AGCCTTCTCTGTCGTC-1,SeuratProject,41.1413809669822,455,4,4
AGCGATTAGATAGGTT-1,SeuratProject,41.3865079245708,842,0,0
AGCGATTGTTGTATCG-1,SeuratProject,41.9770357275374,1868,2,2
AGCGATTGTTTCCGGG-1,SeuratProject,38.959806836189,1519,8,8
AGCGATTTCTTACCTA-1,SeuratProject,37.8041165168851,568,0,0
AGCGTATCACCCTTTG-1,SeuratProject,41.6517217560245,668,5,5
AGCGTATGTTTGCATG-1,SeuratProject,37.9568225559465,336,2,2
AGCGTGCAGACTAGCG-1,SeuratProject,40.2266313150247,801,2,2
AGCGTGCCAACGTCGC-1,SeuratProject,37.9188601962737,1007,1,1
AGCGTGCTCACTTACT-1,SeuratProject,37.6293856914908,898,0,0
AGCGTGCTCGTTGTAG-1,SeuratProject,37.2755498810283,1132,2,2
AGCTATGCATGATTGC-1,SeuratProject,39.1582577387004,1071,2,2
AGCTGATAGCATGTGG-1,SeuratProject,37.2563779237745,645,1,1
AGCTGATTCACAAGCT-1,SeuratProject,39.4134342596923,1136,2,2
AGCTGGCAGGCTTAAA-1,SeuratProject,38.5005204373107,1134,0,0
AGCTGGCGTACGTAAA-1,SeuratProject,36.1294384005128,972,1,1
AGCTGGCGTGGACAGT-1,SeuratProject,34.642508327173,965,9,9
AGCTGGCTCTGATCTT-1,SeuratProject,37.5518747784325,697,2,2
AGCTGTAGTCGAGGTA-1,SeuratProject,38.9078968340537,746,0,0
AGCTGTATCATTGCCC-1,SeuratProject,37.7111648881151,476,2,2
AGGACGAAGAACTAAC-1,SeuratProject,39.6410103315561,1281,2,2
AGGACGAAGCCATTCA-1,SeuratProject,37.8614810280853,531,1,1
AGGACGACACGTTACA-1,SeuratProject,38.4390460777166,2127,2,2
AGGCCCAGTAGACGCA-1,SeuratProject,38.9855257163937,668,0,0
AGGCCCATCCTATCCG-1,SeuratProject,37.0839354491265,924,1,1
AGGCCTGAGTCTAGAA-1,SeuratProject,40.8750841036682,1099,4,4
AGGCCTGCAGCAACAG-1,SeuratProject,35.1402624949459,795,1,1
AGGCCTGCAGTGCTCG-1,SeuratProject,37.7478849946761,927,1,1
AGGCCTGCAGTTGCAT-1,SeuratProject,37.4945018393647,720,2,2
AGGCCTGCATCGACCG-1,SeuratProject,36.3619277091899,431,2,2
AGGCGAACACGTTACA-1,SeuratProject,31.726051325065,561,2,2
AGGCGAATCGCTTCAC-1,SeuratProject,40.1840444530408,1727,2,2
AGGCGTCAGGGTAGTC-1,SeuratProject,37.9902504514342,710,0,0
AGGCGTCCATCCGTGG-1,SeuratProject,40.7197035562259,653,2,2
AGGCGTCTCATGTTCT-1,SeuratProject,36.77209679229,671,2,2
AGTCAACAGTCCGATT-1,SeuratProject,37.8773200222948,1162,4,4
AGTCAACGTGCCAAGA-1,SeuratProject,37.617099085937,918,0,0
AGTCCGGAGGCAAGCT-1,SeuratProject,41.4817588520058,1066,1,1
AGTGCCGGTTTCACCC-1,SeuratProject,35.0702337208133,616,6,6
AGTGCCGTCTAGCAAC-1,SeuratProject,39.8807872807794,1067,1,1
AGTGCGCAGTACAACA-1,SeuratProject,38.3712070161148,768,2,2
AGTGCGCCAACTACTG-1,SeuratProject,43.0616922121694,566,0,0
AGTGTACAGTCCGGAA-1,SeuratProject,37.6299892530186,1183,0,0
AGTTACGTCCCTACGT-1,SeuratProject,40.7138924333489,900,0,0
AGTTTGGTCCAGGTAT-1,SeuratProject,38.6935869272649,733,2,2
ATAGGCTGTTAGAGAT-1,SeuratProject,38.143112383419,1163,2,2
ATAGGCTTCCTGAAAC-1,SeuratProject,37.1396551619473,953,0,0
ATAGGCTTCGGCTATA-1,SeuratProject,41.0150419407242,606,3,3
ATAGGCTTCGTGTGCG-1,SeuratProject,37.7685434996681,1282,0,0
ATCCAGATCGACGGAA-1,SeuratProject,36.7870581459063,621,3,3
ATCCAGATCTCTCAAT-1,SeuratProject,41.1233972403778,1268,1,1
ATCCCTGAGTTGCCGC-1,SeuratProject,36.6527210560124,542,5,5
ATCCCTGCACAGTTCA-1,SeuratProject,35.7178877811293,847,0,0
ATCCCTGCAGATTAAG-1,SeuratProject,44.0577434410761,731,1,1
ATCCCTGTCAGGCGCT-1,SeuratProject,39.1940024361995,1006,2,2
ATCCCTGTCGATAGCT-1,SeuratProject,39.1609064813255,894,2,2
ATCCTCGGTACGTAAA-1,SeuratProject,39.495753997765,799,1,1
ATCCTCGTCCGTTAGA-1,SeuratProject,37.0559348615543,553,0,0
ATCCTCGTCCTCATTA-1,SeuratProject,39.8415881814584,1342,2,2
ATCGAGTTCCTGTAGA-1,SeuratProject,40.3037144001236,1124,0,0
ATGCATGCACTGCTCT-1,SeuratProject,40.1610515353252,1412,1,1
ATGCATGTCTGGCGCA-1,SeuratProject,39.1488278296666,1232,2,2
ATGGATCAGCGCCTAC-1,SeuratProject,39.6645240216835,1363,0,0
ATGGATCGTAACCCAT-1,SeuratProject,40.1163404394721,705,1,1
ATGGATCTCATTGCCC-1,SeuratProject,37.6336040186189,507,1,1
ATGGATCTCCGCCTAT-1,SeuratProject,38.288351862855,917,3,3
ATGGATCTCGGGCTCA-1,SeuratProject,41.8125461549199,618,5,5
ATGTACGAGAACTAAC-1,SeuratProject,38.6242875372085,397,5,5
ATGTACGCAATCATCG-1,SeuratProject,38.813030868624,1170,1,1
ATGTACGCACGCGATC-1,SeuratProject,39.3304912163767,1039,0,0
ATGTCGAAGAACAGGA-1,SeuratProject,38.8947315401903,877,2,2
ATGTCGAGTTAACTCG-1,SeuratProject,41.6366627657362,688,1,1
ATGTCGATCGACTGGC-1,SeuratProject,36.716631451402,887,0,0
ATGTCTTAGTGAATAC-1,SeuratProject,38.2051351575063,557,0,0
ATGTCTTGTTACACTG-1,SeuratProject,37.0739348155726,358,3,3
ATGTTTCCAACTCGAT-1,SeuratProject,42.417015042002,1392,1,1
ATGTTTCTCTGGGCGT-1,SeuratProject,39.773591318296,1768,0,0
ATTACCTAGTATCTGC-1,SeuratProject,41.8073922894018,242,1,1
ATTACCTGTCAGAAGC-1,SeuratProject,36.4658342032534,1188,0,0
ATTACCTGTCGATTAC-1,SeuratProject,41.684593985342,707,0,0
ATTACTCAGGAGAACA-1,SeuratProject,39.3085487370998,938,0,0
ATTACTCAGTACAACA-1,SeuratProject,38.3647352642205,1198,1,1
ATTACTCGTTTGAAGA-1,SeuratProject,37.6623849004266,1255,1,1
ATTCGTTAGTTACCAC-1,SeuratProject,37.3665881632847,1782,0,0
ATTGTGGGTGTCGTGC-1,SeuratProject,39.7858136689992,842,1,1
ATTTGTCGTATGGATA-1,SeuratProject,38.4962544320781,702,0,0
ATTTGTCGTTACGAAA-1,SeuratProject,40.2623501520542,768,0,0
CAAAGCTCAAGGTTCT-1,SeuratProject,36.7141072681435,1128,1,1
CAAAGCTTCGCCACTT-1,SeuratProject,39.2191344320656,1119,2,2
CAAAGCTTCTCTCAAT-1,SeuratProject,40.5151673404322,1229,1,1
CAACCAAAGTTACACC-1,SeuratProject,39.4799349721223,758,0,0
CAACGGCCATGGGACA-1,SeuratProject,39.9752672973806,1062,5,5
CAACGTACAAAGACGC-1,SeuratProject,36.770991687022,862,1,1
CAACGTACATGTATCG-1,SeuratProject,40.3112777153691,744,0,0
CAACGTAGTCAGACGA-1,SeuratProject,40.1317498369055,974,0,0
CAACGTAGTTGTCGGC-1,SeuratProject,38.4950627157536,770,0,0
CAAGCTACAACGGGTA-1,SeuratProject,40.9803987235934,1159,0,0
CAAGCTACAATGACTC-1,SeuratProject,37.6573003047211,936,2,2
CAAGCTACAGGGCTTC-1,SeuratProject,37.108753049137,1002,0,0
CAAGCTATCGGTCTAA-1,SeuratProject,39.2758908916925,1701,0,0
CAAGCTATCTTGTCAT-1,SeuratProject,38.6549022076372,1463,1,1
CAAGGCCAGCCTTTGA-1,SeuratProject,38.517044078747,885,0,0
CAAGGCCTCACCCGGA-1,SeuratProject,39.9104401958946,798,0,0
CAAGGCCTCTTGTCGC-1,SeuratProject,41.9725282686387,967,3,3
CAATCCCCAGTTGGAG-1,SeuratProject,38.159699602477,759,4,4
CAATCCCGTCTGTGTA-1,SeuratProject,35.9376733631193,860,2,2
CACAACACAGTAACGG-1,SeuratProject,37.327100784659,1828,8,8
CACAACACATACTGCA-1,SeuratProject,40.3137357056524,595,0,0
CACAGATGTATTGTCG-1,SeuratProject,38.9872917157124,1454,2,2
CACATGAAGTTGCTTG-1,SeuratProject,38.5021658504346,833,0,0
CACCTTGCACAGTTCA-1,SeuratProject,39.4473445645942,512,1,1
CACCTTGGTCAATCCA-1,SeuratProject,38.2062338988543,876,2,2
CACCTTGTCGAGTTAC-1,SeuratProject,37.8946602418754,956,0,0
CACGTTCAGAATGCTA-1,SeuratProject,37.566861694092,835,4,4
CACGTTCCATAGACGG-1,SeuratProject,35.290472563192,888,0,0
CACGTTCTCAAGGCCC-1,SeuratProject,38.8768510152156,800,0,0
CACTGAACATTACTCT-1,SeuratProject,36.2588835722266,1146,0,0
CACTGAATCGGATAAA-1,SeuratProject,43.0651294237865,1222,1,1
CAGCCTTAGTGTCGGA-1,SeuratProject,37.0257920869392,602,0,0
CAGCCTTGTCTGGTTA-1,SeuratProject,43.0117639948741,1825,8,8
CAGCCTTGTGCACATT-1,SeuratProject,36.9042298730778,961,1,1
CAGCCTTTCAACACGT-1,SeuratProject,39.9987806999863,1139,2,2
CAGCCTTTCCAAACCA-1,SeuratProject,37.1826954591952,926,2,2
CAGCCTTTCGCTGATA-1,SeuratProject,37.3270733376812,875,1,1
CAGCTAATCCCAGTAA-1,SeuratProject,36.8079061507223,982,2,2
CAGCTAATCTCGACAA-1,SeuratProject,40.081585054239,566,0,0
CAGCTGGCAGCGTGAA-1,SeuratProject,41.6159883580772,2076,1,1
CAGCTGGGTACGTAAA-1,SeuratProject,37.9154536706342,824,1,1
CAGCTGGTCGGTCAGC-1,SeuratProject,39.7976863834456,1042,2,2
CAGGATTAGGTCGTTT-1,SeuratProject,38.2629910413083,934,0,0
CAGGGCTAGGATATCA-1,SeuratProject,36.4739257394982,1073,1,1
CAGGGCTAGTCGCCTG-1,SeuratProject,39.3259150659524,1204,0,0
CAGGGCTCAAGAGCGT-1,SeuratProject,40.5761876690991,882,0,0
CAGGGCTCACGGCCAT-1,SeuratProject,36.2317982428892,944,2,2
CAGGGCTGTCACTCTC-1,SeuratProject,38.5655123332298,1138,2,2
CAGTATGTCTCGCGTT-1,SeuratProject,36.949505952734,965,1,1
CAGTATGTCTTGCGCT-1,SeuratProject,35.0007660346916,1121,9,9
CAGTGCGCAGTTAAAG-1,SeuratProject,35.5014430431073,883,1,1
CAGTGCGTCGACTATG-1,SeuratProject,38.3542194146958,799,1,1
CAGTGTAGTTATGCAC-1,SeuratProject,40.0379975125419,1154,5,5
CATAACGAGTCCGATT-1,SeuratProject,43.4146436035185,1570,3,3
CATAACGCATGCGCTG-1,SeuratProject,40.9607021410882,705,3,3
CATGCCTCAACGTCCG-1,SeuratProject,45.3599405513159,622,0,0
CATGCCTCACTTACAG-1,SeuratProject,41.509323467419,1311,0,0
CATGTTTAGTGCCCTG-1,SeuratProject,42.566738771757,977,0,0
CATGTTTCAAGAGATT-1,SeuratProject,39.2986086952784,723,2,2
CATGTTTGTCCGCTTT-1,SeuratProject,36.9943095832033,1051,8,8
CATTCATGTATGAAGT-1,SeuratProject,40.8674459824997,928,3,3
CATTCCGGTCACAGTT-1,SeuratProject,36.4876519164249,953,1,1
CATTCCGTCTGACTTT-1,SeuratProject,40.6475480857129,1116,7,7
CATTGGACAAGAGATT-1,SeuratProject,41.256441637168,643,3,3
CCAATGAAGAGCGAAA-1,SeuratProject,39.9235457675236,1159,8,8
CCACAGGAGAGGTGGG-1,SeuratProject,34.0296589403878,786,7,7
CCACAGGCAACGTCGC-1,SeuratProject,37.6185102250985,835,2,2
CCACGTTAGTCCGGAA-1,SeuratProject,37.4137187303386,466,0,0
CCAGATAGTTCCTGTC-1,SeuratProject,43.8752842638276,671,0,0
CCAGATATCTTGTCGC-1,SeuratProject,38.7416541283717,1193,1,1
CCATACCAGCCTGGTC-1,SeuratProject,38.3614537529913,606,1,1
CCATACCAGGAAGAAC-1,SeuratProject,37.0639123672984,1036,0,0
CCATACCGTATCTGCA-1,SeuratProject,39.4683354035335,1122,0,0
CCCACATAGTCTGGGA-1,SeuratProject,38.3197123151427,861,2,2
CCCACATTCCATCTAT-1,SeuratProject,38.9805141089131,941,0,0
CCCAGAGAGCAGTAGC-1,SeuratProject,37.74508819917,1045,0,0
CCCAGAGCATGTGAGG-1,SeuratProject,40.5660252659818,1064,1,1
CCCAGAGGTAAGCCGA-1,SeuratProject,40.8585708814442,1078,0,0
CCCAGAGTCCTTTGCG-1,SeuratProject,37.2816439842194,1053,1,1
CCCGTTAAGTAGGTCG-1,SeuratProject,38.9495946157558,1058,4,4
CCCGTTAAGTTCAGGG-1,SeuratProject,37.2879085824341,525,1,1
CCCTAACAGAGGTCCA-1,SeuratProject,40.2616131595874,768,2,2
CCCTAACGTCAGCTTA-1,SeuratProject,34.2731771314921,729,9,9
CCCTCTCAGGAGTAGA-1,SeuratProject,37.2676707450243,712,2,2
CCCTCTCCAATGGCAG-1,SeuratProject,37.3796500787434,1313,2,2
CCCTCTCTCTGTGTCC-1,SeuratProject,38.339670681723,976,0,0
CCCTGATTCCCTATTA-1,SeuratProject,40.0730858411743,1234,0,0
CCGAAGCAGTCATCTG-1,SeuratProject,39.224265435787,884,0,0
CCGCATTGTAACGTAA-1,SeuratProject,38.9841985478906,1057,1,1
CCGCATTTCCCAATAG-1,SeuratProject,37.4098945169418,732,4,4
CCGTACTCAGAACGAC-1,SeuratProject,36.3301035186016,780,1,1
CCGTAGGCAGATTAAG-1,SeuratProject,39.1540630459729,476,2,2
CCGTAGGGTGTCGTGC-1,SeuratProject,39.5492303672302,811,0,0
CCGTAGGGTTTGCATG-1,SeuratProject,40.9062686605874,1081,0,0
CCGTAGGTCTATTGTC-1,SeuratProject,44.0312492884173,1027,0,0
CCTAAAGAGTCGATAA-1,SeuratProject,39.5635062078774,727,3,3
CCTAAAGCACGTTAGT-1,SeuratProject,42.6039833961909,942,0,0
CCTAAAGGTAACATAG-1,SeuratProject,40.8023914098505,830,3,3
CCTATTAAGATCTCAC-1,SeuratProject,36.3249913250084,826,1,1
CCTATTAGTAGCGGTA-1,SeuratProject,36.0109799993391,600,0,0
CCTATTAGTTTGTACG-1,SeuratProject,40.6568262402471,719,1,1
CCTCCCTCACTACACA-1,SeuratProject,37.02828762883,1286,0,0
CCTCCCTCAGGCAGAT-1,SeuratProject,38.8525945766852,1087,0,0
CCTCCCTTCCCGGGTA-1,SeuratProject,37.7235705726362,1058,1,1
CCTCCCTTCGAACCGC-1,SeuratProject,39.1461909175767,854,2,2
CCTCCCTTCTTCTCTC-1,SeuratProject,35.9516486803591,965,1,1
CCTGCTACAAGGTTCT-1,SeuratProject,37.8452785014706,691,0,0
CCTGGGAAGGGAGTTC-1,SeuratProject,38.8495157070606,871,0,0
CCTGGGAAGGGTATCG-1,SeuratProject,38.5824719307335,746,2,2
CCTGGGAAGGTTCGTT-1,SeuratProject,38.5133585037873,932,0,0
CCTTAATAGTTACACC-1,SeuratProject,37.393515952517,1514,1,1
CCTTAATCAGTTACAC-1,SeuratProject,38.20052114529,1418,1,1
CCTTAATGTATCATGC-1,SeuratProject,39.1797473702891,931,2,2
CCTTAATGTCTGAGCC-1,SeuratProject,39.4598983232768,847,0,0
CCTTGGTAGCGTCTGC-1,SeuratProject,38.9843699527977,929,4,4
CGAGTTACACATCATG-1,SeuratProject,39.3602645940725,866,0,0
CGAGTTAGTTTCTCTA-1,SeuratProject,41.6755266092716,1104,3,3
CGATGATGTAAACGAT-1,SeuratProject,40.7482863499661,1012,1,1
CGCACAGAGAATAGTC-1,SeuratProject,40.6484639066293,679,1,1
CGCACAGCAACACGGA-1,SeuratProject,39.4564113910145,1656,1,1
CGCACAGGTAGCGGTA-1,SeuratProject,40.1561546198261,1294,0,0
CGCAGGTAGGTTACAA-1,SeuratProject,41.9466159783446,660,5,5
CGCAGGTCATGGTATC-1,SeuratProject,40.2021571516772,882,1,1
CGCAGGTGTTTGATCG-1,SeuratProject,35.9083748362013,930,1,1
CGCAGGTTCAAGTTGC-1,SeuratProject,37.6147115711982,911,7,7
CGCAGGTTCACCCGGA-1,SeuratProject,37.5627262528156,1053,2,2
CGCAGGTTCTTGTACT-1,SeuratProject,38.3010787613406,903,2,2
CGCAGGTTCTTTCGAT-1,SeuratProject,39.611160857653,1217,0,0
CGCGCAAGTAGTCTGT-1,SeuratProject,37.0787993509369,698,0,0
CGCTAGGGTAGGTGAC-1,SeuratProject,34.2622840577252,1071,3,3
CGCTAGGGTCCAAGTT-1,SeuratProject,39.5885039250639,752,2,2
CGCTATCTCTATCTCA-1,SeuratProject,40.3221233074008,1285,0,0
CGCTGGAGTAAGCCTT-1,SeuratProject,40.4332792649244,1259,1,1
CGCTGGAGTATCAGCT-1,SeuratProject,38.9659515537332,952,2,2
CGCTGGAGTCGAGGAT-1,SeuratProject,41.5554660453581,801,4,4
CGGACCAGTGTCGTGC-1,SeuratProject,39.1586469666058,1008,2,2
CGGACCAGTTGCTTGA-1,SeuratProject,36.6899757091017,548,1,1
CGGACTGCAAGATTAG-1,SeuratProject,34.4117647521112,694,1,1
CGGACTGCACCGAAAG-1,SeuratProject,33.3964446625934,336,7,7
CGGACTGCATCCCGGA-1,SeuratProject,42.3212383730323,621,3,3
CGGTGCAAGCAGGACT-1,SeuratProject,40.7316379425281,902,2,2
CGTTCCACATGCCTTC-1,SeuratProject,35.7794986796495,722,0,0
CGTTCCATCCAATAGC-1,SeuratProject,40.1557639468057,993,0,0
CGTTCCATCGATAGCT-1,SeuratProject,38.621252539746,677,0,0
CGTTCCATCGTGGGTC-1,SeuratProject,39.3298068698344,689,0,0
CTAACTTCACGCGATC-1,SeuratProject,38.2031417115228,795,2,2
CTAACTTTCCAAGTCA-1,SeuratProject,39.8870923970498,675,2,2
CTAACTTTCGATATGC-1,SeuratProject,39.8270126431142,2328,1,1
CTAACTTTCGGACGAA-1,SeuratProject,41.5705890022914,1020,0,0
CTACAGAAGTGAGCAC-1,SeuratProject,39.5867776213033,1126,1,1
CTACAGACAATCAGGG-1,SeuratProject,37.3206482004328,417,0,0
CTACAGACACTGTAAC-1,SeuratProject,37.763453215186,775,0,0
CTACAGAGTCTTAGCA-1,SeuratProject,46.1681077087088,762,0,0
CTACAGAGTGCGCATC-1,SeuratProject,38.8564714554103,669,1,1
CTACTTAAGCTTTCCC-1,SeuratProject,38.3627676722236,915,3,3
CTAGCGGGTCAGACGA-1,SeuratProject,45.1573442511595,737,0,0
CTAGCGGGTGATAAGT-1,SeuratProject,39.91273213506,673,1,1
CTAGCGGGTGCTTTGA-1,SeuratProject,40.0733693135395,432,1,1
CTAGGATTCAGGTTTG-1,SeuratProject,39.2517103406719,1382,1,1
CTAGGATTCCCGGGTA-1,SeuratProject,38.5035680701273,870,2,2
CTAGGATTCTCCCTTT-1,SeuratProject,35.3012291942762,1191,0,0
CTAGGGCAGAATCAGT-1,SeuratProject,37.4269104477283,961,0,0
CTAGGGCCATGGCCTG-1,SeuratProject,35.381855427107,989,0,0
CTAGGGCGTGGACGAT-1,SeuratProject,44.2621322550026,653,0,0
CTAGGGCGTGGATTCT-1,SeuratProject,38.2233821362334,888,0,0
CTAGGGCTCACCGCGA-1,SeuratProject,39.4505281165882,594,2,2
CTAGGGCTCGCGTTCT-1,SeuratProject,39.230897477094,1094,2,2
CTAGGGCTCTAGCTGA-1,SeuratProject,37.7961029986364,626,0,0
CTCAACCCACGCTGTG-1,SeuratProject,40.835376307081,1099,0,0
CTCAACCGTGCTAGTT-1,SeuratProject,38.9068262978221,1234,2,2
CTCAACCTCCTATCCG-1,SeuratProject,37.2029765040618,760,1,1
CTCACCAGTAACCGAG-1,SeuratProject,43.5473658048943,1080,0,0
CTCACCAGTCTCTGGG-1,SeuratProject,37.9496380577717,1028,0,0
CTCACCATCGTCTTAT-1,SeuratProject,41.3603139675673,979,1,1
CTCAGAAAGTGAAGGA-1,SeuratProject,39.2419716067009,1062,0,0
CTCAGAACAGCTTACA-1,SeuratProject,35.459930251728,929,7,7
CTCAGAAGTGCGTAGA-1,SeuratProject,38.8205537020394,719,3,3
CTCAGAATCGCGTTCT-1,SeuratProject,42.1094021307686,1424,1,1
CTCAGCTAGTCATCTG-1,SeuratProject,38.3132446644137,536,2,2
CTCAGCTCACATATCG-1,SeuratProject,40.4468049122738,879,1,1
CTCATGCGTGTAGGAC-1,SeuratProject,44.0481349999838,897,0,0
CTCATGCGTTCACGTA-1,SeuratProject,40.2221793508352,1423,1,1
CTCCCAAGTCCAGACC-1,SeuratProject,32.2463696929295,441,9,9
CTCGCTAAGGAATGGA-1,SeuratProject,40.570321070068,739,0,0
CTCGCTACAAGCGAAC-1,SeuratProject,42.4340333376566,846,0,0
CTCGCTAGTATTCACG-1,SeuratProject,36.4059471521909,780,2,2
CTCGCTAGTGATAGAT-1,SeuratProject,39.1074669998907,954,1,1
CTCTACGCACCAAGGA-1,SeuratProject,36.8651064480081,730,0,0
CTCTAGCCAGTCAGCC-1,SeuratProject,30.9282767324047,565,1,1
CTCTCAGCACTGTTAG-1,SeuratProject,38.2224810814708,1241,1,1
CTCTCAGGTCTGTCCT-1,SeuratProject,37.059291829664,898,3,3
CTCTCGACAGGGTACA-1,SeuratProject,39.9779395691006,1153,2,2
CTGAATGCAACGCACC-1,SeuratProject,40.0926745988487,1083,4,4
CTGAATGTCGCTACCT-1,SeuratProject,36.9357402494232,934,4,4
CTGCGTTAGCGAGCTA-1,SeuratProject,38.5197313896478,874,1,1
CTGCGTTAGTATGGGC-1,SeuratProject,38.6573911124818,906,2,2
CTGCGTTCACAACGGA-1,SeuratProject,41.0518734289673,770,0,0
CTGCGTTGTTAAGGGC-1,SeuratProject,38.6544052618905,783,3,3
CTGCGTTTCGATATGC-1,SeuratProject,40.1108260019083,1160,3,3
CTGCTCACACGACGAA-1,SeuratProject,38.6929434449195,538,4,4
CTGGCAGCAATACTGC-1,SeuratProject,37.4351129800724,447,3,3
CTGGCAGCATCGAGTT-1,SeuratProject,39.6673449490979,1079,1,1
CTGGCAGTCACAAGCT-1,SeuratProject,37.5893303224492,995,1,1
CTGGCAGTCCAAACCA-1,SeuratProject,35.6273147411467,808,7,7
CTGTATTAGCCATCAT-1,SeuratProject,38.5226369448239,838,2,2
CTGTATTAGCTGAAAT-1,SeuratProject,40.3352204572928,1268,2,2
CTGTATTAGGGAGTTC-1,SeuratProject,40.4127620237743,600,0,0
CTGTATTAGGTTAACA-1,SeuratProject,37.7782388598094,905,2,2
CTGTATTGTTGCAGCC-1,SeuratProject,35.2184039595103,772,0,0
CTTAATCCACAAACGG-1,SeuratProject,38.9762360447473,714,4,4
CTTAATCTCCGAATTG-1,SeuratProject,37.2428258363163,1437,0,0
CTTAATCTCTGTGTCC-1,SeuratProject,39.8532797706134,1146,5,5
CTTCCAGAGGCTTCGC-1,SeuratProject,32.1931428105136,510,0,0
CTTCTAAAGCCCATTA-1,SeuratProject,37.7648169932105,1191,0,0
CTTCTAAGTACGGATG-1,SeuratProject,40.6224864213077,1207,1,1
CTTCTAAGTTACCACA-1,SeuratProject,36.4663900680218,663,0,0
CTTGCCAGTCATGAGG-1,SeuratProject,38.0003250736684,1227,1,1
CTTGCCAGTGCTGTCG-1,SeuratProject,39.2012985241046,824,0,0
CTTGCCATCCCAATAG-1,SeuratProject,40.4178355552052,1153,0,0
CTTGCTGCAACGAGGT-1,SeuratProject,39.8602878287372,1084,0,0
CTTGCTGCACCTACCT-1,SeuratProject,40.1740797598998,1136,0,0
CTTGCTGCACGCTCAG-1,SeuratProject,36.7677304021433,995,1,1
CTTGCTGTCGTCGCAG-1,SeuratProject,37.8592594657831,665,2,2
CTTGTCGGTAATGCCT-1,SeuratProject,38.5748212692119,862,0,0
CTTTGCGCATTGTGAC-1,SeuratProject,40.5965703458389,1440,0,0
CTTTGCGGTACGGATG-1,SeuratProject,37.6351785577065,1198,1,1
CTTTGCGGTCAACTAC-1,SeuratProject,37.8671861473265,1137,1,1
GAAACAAAGCGTATCT-1,SeuratProject,38.4872097504425,819,0,0
GAAACAACAAGCAGGT-1,SeuratProject,39.5283151469371,1163,0,0
GAAACAACAGGTGTCC-1,SeuratProject,39.5594912753461,875,1,1
GAAACAACAGTCAGCC-1,SeuratProject,42.2390529046336,956,0,0
GAAACAAGTACTATGC-1,SeuratProject,39.5506613590494,936,0,0
GAAAGTACAGGTGTCC-1,SeuratProject,38.8765694167653,1180,1,1
GAAAGTACATGCACTA-1,SeuratProject,42.187065659043,659,0,0
GAAAGTAGTTAACCGT-1,SeuratProject,37.1607317815368,1134,0,0
GAAAGTATCTGAGTCA-1,SeuratProject,38.0932168269583,1105,0,0
GAAATGACAGAGTCGA-1,SeuratProject,40.3515302480132,820,0,0
GAAATGACATTCCCGT-1,SeuratProject,38.0294379409893,494,4,4
GAAATGAGTCAGAGTG-1,SeuratProject,38.4772254679808,1332,0,0
GAACCGCGTGTTGTTG-1,SeuratProject,39.5208968162095,1126,2,2
GAACCGCTCCTGAAAC-1,SeuratProject,41.7006434846294,1067,1,1
GAACCGCTCGTTGTAG-1,SeuratProject,37.8942698492959,644,4,4
GAACCTAGTAAGTGCG-1,SeuratProject,38.5546820222888,719,2,2
GAACCTATCAGGGTTT-1,SeuratProject,40.9732572946188,1195,1,1
GAACCTATCTTGTACT-1,SeuratProject,30.8053855490482,691,0,0
GAACGTTAGTGCTCGC-1,SeuratProject,38.9281711899122,465,2,2
GAACGTTTCTAGTCGA-1,SeuratProject,37.5471565605171,919,1,1
GAACGTTTCTGTGTGA-1,SeuratProject,37.7834108045479,1026,4,4
GAAGAGCGTCTGGATT-1,SeuratProject,35.066230668558,720,0,0
GAAGTGGAGAGATTAC-1,SeuratProject,38.1403657786736,674,0,0
GAAGTGGAGTTAGCGG-1,SeuratProject,39.7958798711568,788,0,0
GAAGTGGGTATGAAGT-1,SeuratProject,38.9791204052362,555,3,3
GAATCTGAGGATCCTT-1,SeuratProject,37.8112352860508,739,2,2
GAATCTGAGTTAGCGG-1,SeuratProject,37.5254723276358,829,4,4
GAATCTGGTCAGTGCC-1,SeuratProject,37.2521624491767,490,4,4
GAATCTGGTCTAAAGA-1,SeuratProject,38.0930687723761,634,0,0
GAATCTGTCATTGCCC-1,SeuratProject,40.754621695588,871,3,3
GAATCTGTCCCAATGA-1,SeuratProject,39.3781401089237,788,1,1
GAATCTGTCGGTCTCT-1,SeuratProject,39.148424817637,1257,3,3
GACCAATGTAGTGATA-1,SeuratProject,36.4833726343641,960,3,3
GACCCAGAGTATACCC-1,SeuratProject,39.5832338524425,598,0,0
GACCTTCAGCGTTGCC-1,SeuratProject,40.6281222591569,1101,2,2
GACCTTCAGTCTGTGT-1,SeuratProject,41.3368980746616,1073,3,3
GACCTTCCAACTCGTA-1,SeuratProject,38.4234097714973,910,0,0
GACTAACAGTATACCC-1,SeuratProject,37.0473793566546,1052,2,2
GACTAACAGTCATACC-1,SeuratProject,39.6091648507016,548,1,1
GACTAACCAATGTGCT-1,SeuratProject,39.2931558236269,719,0,0
GACTAACGTCGACTGC-1,SeuratProject,36.5087129314398,1153,0,0
GACTAGTAGGGTTCCC-1,SeuratProject,39.7625335115938,838,1,1
GACTAGTCACTCCTCA-1,SeuratProject,38.1236472640296,939,0,0
GACTAGTCATTAAGGA-1,SeuratProject,38.892656016315,1099,1,1
GACTAGTTCTTCTCTC-1,SeuratProject,41.785480865275,1370,0,0
GAGAACGGTATTCGAC-1,SeuratProject,39.7482346598345,1007,2,2
GAGACTTAGTTGTCCA-1,SeuratProject,37.5217382920597,987,1,1
GAGACTTTCCATCGAA-1,SeuratProject,37.138150146613,749,1,1
GAGATTCGTGTTTCTT-1,SeuratProject,38.4917316121231,1363,2,2
GAGATTCTCTCAGATG-1,SeuratProject,38.3012544838528,970,2,2
GAGATTCTCTGATCCC-1,SeuratProject,39.1797573448318,847,2,2
GAGCATTAGAGGAATG-1,SeuratProject,39.1668212609356,1256,4,4
GAGCATTTCAGCACTA-1,SeuratProject,40.3080887760104,649,0,0
GAGCATTTCGCATACA-1,SeuratProject,36.8329198846203,650,1,1
GAGCGCTAGGCGCTTC-1,SeuratProject,37.4889829423536,967,2,2
GAGCGCTGTTCAGTAC-1,SeuratProject,39.4323382979924,1119,0,0
GAGGATGCAAGGAAGA-1,SeuratProject,38.1112794943617,1127,2,2
GAGGATGCATGATTGC-1,SeuratProject,37.1927845307698,1685,1,1
GAGGATGCATTAGCCA-1,SeuratProject,39.4064508579146,553,0,0
GAGGTCCAGTTCAAGA-1,SeuratProject,39.9095003741171,1473,0,0
GAGGTCCGTCCTTCAC-1,SeuratProject,41.0199776300191,1100,1,1
GAGGTCCGTTGGGAAC-1,SeuratProject,38.6595201546116,764,5,5
GAGGTCCTCCTGGGAC-1,SeuratProject,41.1306287645493,863,3,3
GAGGTCCTCTGGACAT-1,SeuratProject,38.7841718095836,537,2,2
GAGTGAGCAGTTGCAT-1,SeuratProject,39.6286933004077,965,2,2
GATCATGGTGTAGGAC-1,SeuratProject,38.4296031405365,1158,0,0
GATCGTACATAGTCCA-1,SeuratProject,42.110345936499,471,0,0
GATCGTAGTTAACCGT-1,SeuratProject,41.6714092155267,817,3,3
GATGATCGTACTTGAC-1,SeuratProject,34.8400676054587,355,0,0
GATGGCCCAATGATGA-1,SeuratProject,37.7239722123979,694,0,0
GATTAGCGTTAGAGAT-1,SeuratProject,33.0753479248027,338,7,7
GATTAGCGTTCCATCC-1,SeuratProject,41.0158475298538,1102,0,0
GATTGACGTATTGTGC-1,SeuratProject,38.3198530685926,429,5,5
GATTGACGTCAGTGTT-1,SeuratProject,36.1014618132571,751,4,4
GCAAAGGTCATTCTTG-1,SeuratProject,39.1335661849969,1549,1,1
GCAACCGTCGATGTGT-1,SeuratProject,38.6062026412664,1146,1,1
GCAACCGTCTCGGCGA-1,SeuratProject,38.8848915726488,988,0,0
GCACCTTAGCGTATCT-1,SeuratProject,38.5110803372264,735,2,2
GCACCTTGTGTCCCAG-1,SeuratProject,35.9164020970956,772,0,0
GCACGCATCATACTTC-1,SeuratProject,41.2191051861873,1006,0,0
GCAGATTCAGAACGAC-1,SeuratProject,33.5217627445291,840,9,9
GCAGATTGTATGCTAC-1,SeuratProject,39.8473067720181,341,6,6
GCAGATTGTTGCAGCC-1,SeuratProject,40.7630872215627,398,3,3
GCAGCCACACTGCTTC-1,SeuratProject,37.0595323018752,858,1,1
GCAGCTGAGTATACGA-1,SeuratProject,33.2915547583768,224,6,6
GCATGATAGTTCAGGG-1,SeuratProject,36.9964519912189,749,2,2
GCATGATCAGGCATTT-1,SeuratProject,36.8708406919285,1372,1,1
GCATTCCTCGATCTTT-1,SeuratProject,45.0052441351502,576,3,3
GCATTCCTCTCTATTG-1,SeuratProject,39.1816842118421,1290,2,2
GCATTGAGTTCTGAAC-1,SeuratProject,36.5719941812897,931,0,0
GCATTGAGTTGTCGGC-1,SeuratProject,41.2014956723651,459,0,0
GCATTGATCCAGGGAA-1,SeuratProject,36.6125084095437,834,0,0
GCCAGCAAGGCTGGAT-1,SeuratProject,38.9116809368636,950,2,2
GCCAGCAAGTCGACCC-1,SeuratProject,40.6077625193818,830,0,0
GCCAGCACATGGCCGT-1,SeuratProject,37.1715778145698,850,0,0
GCCAGCAGTTCAGTTG-1,SeuratProject,41.0624992107708,763,1,1
GCCATAAAGAGAGTAG-1,SeuratProject,36.9516793288345,673,0,0
GCCCAGAAGTGTCCCG-1,SeuratProject,38.7722251045876,1288,1,1
GCCCAGAGTACGCAAG-1,SeuratProject,41.3359833257536,1548,0,0
GCCCGAATCTCTGACC-1,SeuratProject,39.8341361351189,960,1,1
GCCTAGGCAGTTCGGC-1,SeuratProject,31.2306637614402,267,6,6
GCGAGTCAGTCATCTG-1,SeuratProject,38.1703428754398,880,2,2
GCGATCGCATCGCCTT-1,SeuratProject,37.1841756765937,1005,0,0
GCGATTACATTAACGC-1,SeuratProject,40.3933736774221,1379,0,0
GCGATTAGTCGGCTGT-1,SeuratProject,40.5063021417616,1270,0,0
GCGCATGAGTAGTCGG-1,SeuratProject,39.7411962263253,1030,0,0
GCGCATGGTACGCAAG-1,SeuratProject,39.5036976218897,1172,2,2
GCGCCAAAGTTCGTTG-1,SeuratProject,35.0222691777288,555,0,0
GCGGAAACAAAGGCCA-1,SeuratProject,41.9316862455563,1088,1,1
GCGGAAAGTTTGCGAT-1,SeuratProject,32.3385987355415,815,9,9
GCGGGTTCACGCGATC-1,SeuratProject,43.2749216288967,684,3,3
GCGGGTTTCAGTCAAC-1,SeuratProject,38.4653835307584,708,1,1
GCGTAGCAGAACGTTA-1,SeuratProject,37.3020210884546,1009,1,1
GCGTAGCGTGCAAGCA-1,SeuratProject,35.9441917436937,531,0,0
GCGTTGGAGGGTCCCT-1,SeuratProject,38.5649236804977,716,0,0
GCTCACTCAACGAGGT-1,SeuratProject,37.0868812632865,1157,2,2
GCTCACTCAATGCATC-1,SeuratProject,39.7037300347814,905,2,2
GCTCACTGTATACGCT-1,SeuratProject,38.9713480249622,1050,0,0
GCTCACTGTTGTGAGG-1,SeuratProject,37.1990875466888,1038,1,1
GCTCAGGTCTCGACAA-1,SeuratProject,39.0567745508483,755,2,2
GCTCCTAAGGGACGTT-1,SeuratProject,37.3584219080647,987,0,0
GCTCCTAGTGCCCAGT-1,SeuratProject,38.5112176550476,824,1,1
GCTCCTAGTGTCTACA-1,SeuratProject,41.1687009813813,1035,3,3
GCTCCTATCACGTGTA-1,SeuratProject,36.0926268262374,585,0,0
GCTCGAGGTCTGTTGA-1,SeuratProject,42.5027261679488,1512,0,0
GCTGAGCAGTTAGCAA-1,SeuratProject,39.1663606286054,712,2,2
GCTGAGCCATTCTCGC-1,SeuratProject,39.562782289578,940,0,0
GCTGCGAAGCATTGGG-1,SeuratProject,39.7793685150501,485,1,1
GCTGCGAGTCTGGGCT-1,SeuratProject,39.9712101815604,1160,0,0
GCTGCGATCTTTATCG-1,SeuratProject,41.1242972168197,207,2,2
GCTTGCTGTATTCTTC-1,SeuratProject,36.9769198059832,598,2,2
GCTTGCTGTCAGTGCC-1,SeuratProject,38.369255117244,1088,1,1
GCTTGCTGTTGAAGCG-1,SeuratProject,33.5580936035191,720,9,9
GCTTTCGAGGCACCTC-1,SeuratProject,37.3321764403336,855,0,0
GGAACCCAGTAACATG-1,SeuratProject,39.2494092483852,488,0,0
GGAACCCCACGAACGA-1,SeuratProject,42.1649344271486,1304,0,0
GGAACCCCATGCCCTT-1,SeuratProject,36.6836260672184,812,3,3
GGAACCCCATTAAGGA-1,SeuratProject,42.1483205533343,1221,0,0
GGAACCCCATTTAGGC-1,SeuratProject,38.8386514032359,856,2,2
GGAACCCGTGCGCATC-1,SeuratProject,39.3931285003252,979,4,4
GGAACCCTCCAACAAC-1,SeuratProject,39.119611335321,1197,0,0
GGAACCCTCTAGCTGA-1,SeuratProject,40.1947463670487,1428,0,0
GGAACTTCAATGCCAT-1,SeuratProject,40.0107152139309,610,2,2
GGAACTTCATTCACCC-1,SeuratProject,35.8809172610161,1457,1,1
GGAACTTGTCACAGTT-1,SeuratProject,38.7399819986261,775,1,1
GGAATCTTCCTTGACC-1,SeuratProject,38.3877285167043,864,2,2
GGACACCAGCCTTTGA-1,SeuratProject,37.4758280909291,578,0,0
GGACACCAGTTCAACC-1,SeuratProject,39.7891840100167,1042,2,2
GGAGAACCACAGGAAC-1,SeuratProject,38.4594981736198,1487,2,2
GGAGAACGTACGTATC-1,SeuratProject,38.0198740795487,1381,4,4
GGAGAACGTAGCGAGT-1,SeuratProject,37.5243270300885,480,1,1
GGAGAACGTCTGGGCT-1,SeuratProject,43.6754144618787,1670,0,0
GGAGAACTCCAGGTAT-1,SeuratProject,38.9796615603722,811,1,1
GGAGGATGTATGGATA-1,SeuratProject,34.9372892353189,761,4,4
GGAGGATGTCGAGGTA-1,SeuratProject,40.9989098294468,489,0,0
GGAGGATGTCGATTAC-1,SeuratProject,40.8642017482366,522,2,2
GGAGGATTCCTGTGGG-1,SeuratProject,37.0459185139785,1271,0,0
GGAGTAGCACTCGGAC-1,SeuratProject,37.8170901969032,1009,3,3
GGATAGGAGTCCGTGC-1,SeuratProject,37.7337372395035,540,4,4
GGATAGGTCCAGTACA-1,SeuratProject,37.1720649364956,851,1,1
GGATAGGTCCATTGAG-1,SeuratProject,34.235865586486,1149,2,2
GGATGAGAGTATACGA-1,SeuratProject,36.7044716007344,897,1,1
GGATGAGCACTGCTTC-1,SeuratProject,39.4970632319714,605,3,3
GGCACGTCACCACGAC-1,SeuratProject,41.8778352582649,1709,2,2
GGCACGTGTGGAAAGA-1,SeuratProject,39.0897194972701,1134,0,0
GGCACGTTCGGATAAA-1,SeuratProject,39.5579021489889,639,2,2
GGCACGTTCGGGACAA-1,SeuratProject,40.5140074414415,812,0,0
GGCATTAGTGTCGTGC-1,SeuratProject,39.1840817094454,826,2,2
GGCGAAAAGTACCACT-1,SeuratProject,40.0422269200709,913,2,2
GGCGAAAAGTGGGACT-1,SeuratProject,34.7609431625204,880,1,1
GGCGAAATCTCGTGAA-1,SeuratProject,42.4662458512442,704,0,0
GGCGTTGGTGGACTGA-1,SeuratProject,41.3123433935424,626,3,3
GGGAACATCAAAGTAG-1,SeuratProject,39.4804707224901,1119,1,1
GGGACCTGTCTGGATT-1,SeuratProject,43.8238079903633,693,1,1
GGGACCTTCCACTAGA-1,SeuratProject,37.4180724553151,955,0,0
GGGACCTTCCATTGTT-1,SeuratProject,36.3411376136229,1039,1,1
GGGCCATAGGTTGTGG-1,SeuratProject,38.1976984481701,843,1,1
GGGTCTGAGACTTCCA-1,SeuratProject,41.6241650054225,857,3,3
GGGTCTGAGGTTCGTT-1,SeuratProject,37.9707470669466,847,2,2
GGGTCTGAGTTCGACT-1,SeuratProject,36.2899305181996,721,0,0
GGGTCTGCAGTGGTCC-1,SeuratProject,39.923448877985,1402,1,1
GGGTCTGGTGTTTCTT-1,SeuratProject,35.0708426926546,861,1,1
GGGTGTCAGGGTCCCT-1,SeuratProject,38.6495449224907,1023,2,2
GGGTTATCAAGAGATT-1,SeuratProject,39.1811406155236,764,2,2
GGGTTATGTATTCGAC-1,SeuratProject,38.213685837409,1178,2,2
GGGTTATGTGCGCTCA-1,SeuratProject,37.4349257018835,578,1,1
GGGTTATGTTTGTGAC-1,SeuratProject,42.019922386431,1112,1,1
GGTACCGAGACCCATT-1,SeuratProject,44.8327266230424,767,1,1
GGTACCGCAAGGTCGA-1,SeuratProject,44.1922211852457,1422,1,1
GGTACCGCATCGCTAA-1,SeuratProject,38.1974762842959,852,0,0
GGTACCGTCGACTCGG-1,SeuratProject,38.5794625790935,586,2,2
GGTACCGTCTATATCC-1,SeuratProject,38.2203776731274,527,2,2
GGTAGGACACATTGCA-1,SeuratProject,37.9376168586392,940,1,1
GGTAGGAGTAGGGTTG-1,SeuratProject,39.0355304433408,530,2,2
GGTAGGAGTGAGTTGG-1,SeuratProject,40.2891642819274,1126,1,1
GGTGAAGGTTCTACCC-1,SeuratProject,39.6609341365206,537,0,0
GGTGAAGGTTTCACCC-1,SeuratProject,39.2256434882808,1064,0,0
GGTGCTGTCGAACCGC-1,SeuratProject,39.6865055700131,498,0,0
GGTGTCGAGCATTCCA-1,SeuratProject,39.5464243312013,1696,1,1
GGTTGCGAGTCACACT-1,SeuratProject,41.1394483701085,990,0,0
GGTTGCGGTGTCTACA-1,SeuratProject,41.0570033409461,1250,0,0
GTAATCGTCGAGTTAC-1,SeuratProject,39.9070214895099,956,0,0
GTAGACTTCCACGGCA-1,SeuratProject,38.601183337322,919,1,1
GTAGGAGCACTGATTG-1,SeuratProject,37.4763587733662,1043,0,0
GTAGTACAGTCGACCC-1,SeuratProject,43.0392640595504,719,3,3
GTCACAACAACTAGAA-1,SeuratProject,40.1392511492497,857,3,3
GTCACAATCGACTGGC-1,SeuratProject,39.720104013742,1071,2,2
GTCACCTGTAGCAGGT-1,SeuratProject,38.0148550093311,975,0,0
GTCACCTTCCCTATTA-1,SeuratProject,41.414821151491,1292,1,1
GTCACGGAGCTGAGGT-1,SeuratProject,40.7125416394542,1303,2,2
GTCACGGCACGTTGTA-1,SeuratProject,39.9749707074516,578,2,2
GTCACGGCAGCAACCC-1,SeuratProject,28.5467063928518,911,9,9
GTCACGGTCCAGGGAA-1,SeuratProject,39.6904960134541,1039,1,1
GTCACTCAGGGCTCTC-1,SeuratProject,39.269051213369,814,2,2
GTCACTCGTTTCGACA-1,SeuratProject,39.242448713733,622,0,0
GTCCATCAGTATGCTC-1,SeuratProject,40.2183517920045,696,0,0
GTCCATCCACGTTAGT-1,SeuratProject,38.5201880769043,1629,2,2
GTCGTAAGTGCGTGTC-1,SeuratProject,43.7732262192573,467,2,2
GTCGTAAGTGCTTCCT-1,SeuratProject,38.2924071134934,808,4,4
GTCGTAAGTTAAGGGC-1,SeuratProject,38.115066998523,848,0,0
GTCTACCAGTCGTATC-1,SeuratProject,39.3674459186598,976,0,0
GTCTACCCATGTCCCT-1,SeuratProject,41.0907902420979,895,1,1
GTGACATAGTGTTCCA-1,SeuratProject,41.8738062002589,1116,0,0
GTGATCAAGATCTAAG-1,SeuratProject,39.5184830099762,1112,0,0
GTGATCAAGCTGATTC-1,SeuratProject,40.9621037545564,766,5,5
GTGATCACATCCATAG-1,SeuratProject,37.1902521036642,669,2,2
GTGCACGGTATTCTTC-1,SeuratProject,40.0879809851508,983,1,1
GTGCCAGTCCGATGCG-1,SeuratProject,40.2211036513847,1146,2,2
GTGCTGGTCCAACAAC-1,SeuratProject,42.1296539962874,1199,0,0
GTGCTGGTCTCTGTTA-1,SeuratProject,41.3711325465245,1079,1,1
GTGGATTCACTAGCCG-1,SeuratProject,38.968110383834,1537,0,0
GTGGATTCATGGGTGA-1,SeuratProject,39.4945874059479,1025,0,0
GTGGATTGTTCCGGCA-1,SeuratProject,39.5283271678009,889,3,3
GTGGATTTCTCTTCTC-1,SeuratProject,31.9948286270002,509,6,6
GTGGCGTCAGGTGTGA-1,SeuratProject,39.8123250519774,937,1,1
GTGTCAACAGATAAGT-1,SeuratProject,37.4619879652665,702,2,2
GTGTCAAGTGGGTAGT-1,SeuratProject,36.1896960258446,1023,1,1
GTGTCAATCTGGCCAG-1,SeuratProject,40.31605345013,1214,0,0
GTGTGATCATTTCTTG-1,SeuratProject,43.3713021302045,992,3,3
GTGTGATGTCACATTG-1,SeuratProject,39.4608003834803,708,1,1
GTGTGATTCCGATGCG-1,SeuratProject,39.0343389964541,1295,0,0
GTTACGAAGACACTTC-1,SeuratProject,39.9330381883212,1149,3,3
GTTACGATCAATGCAC-1,SeuratProject,38.1320838875977,1416,8,8
GTTACTTTCTCGACCT-1,SeuratProject,39.8009316564464,722,1,1
GTTATGGAGACGAAAG-1,SeuratProject,38.061737750111,646,2,2
GTTATGGCAAGCGTCC-1,SeuratProject,37.1548029347833,1128,1,1
GTTATGGGTGGTTCTA-1,SeuratProject,38.8834261593005,1334,0,0
GTTCAAGAGTGGACGT-1,SeuratProject,32.3379246824159,674,6,6
GTTCAAGCAGCAGGTA-1,SeuratProject,38.1794365367686,872,0,0
GTTGGTACAAGGATGC-1,SeuratProject,37.4111084631061,711,2,2
GTTGGTAGTGAATCGG-1,SeuratProject,36.6950194405141,1154,1,1
GTTGGTATCCCACTAC-1,SeuratProject,39.3878834080025,993,4,4
TAAACCGTCCCTACCA-1,SeuratProject,33.0073707658554,822,2,2
TAACAGCAGAATCAGT-1,SeuratProject,41.8113174293682,786,0,0
TAACAGCAGGCAGATC-1,SeuratProject,38.407369504503,993,2,2
TAACAGCCAGGGTACA-1,SeuratProject,40.6740618958875,1019,0,0
TAACAGCTCTATGAGC-1,SeuratProject,37.7430522163201,597,0,0
TAACGGTCAGCTATAC-1,SeuratProject,38.8675420956143,1138,0,0
TAACGGTGTAAGTGCG-1,SeuratProject,42.6506582887329,537,0,0
TAACGGTGTTCCCAAA-1,SeuratProject,42.3006946221073,1093,3,3
TAACGGTTCTGTTGCC-1,SeuratProject,40.4993211630196,1141,1,1
TAACTTCCACTCCCAT-1,SeuratProject,39.7751507628999,1374,2,2
TAAGCCAAGCAGAATT-1,SeuratProject,39.7793261436621,1230,2,2
TAAGCCACATCGGCCA-1,SeuratProject,42.2692128280182,1222,3,3
TAAGCCAGTTTCTCTA-1,SeuratProject,38.9003399664285,1297,3,3
TAAGCCATCTATATCC-1,SeuratProject,37.5944831374186,1205,1,1
TAAGTGCTCCGTTTCG-1,SeuratProject,39.9981706239869,1052,1,1
TAATTCCCAACATAAG-1,SeuratProject,26.9787386977431,511,2,2
TACAGCAAGACAGCTG-1,SeuratProject,34.3240147170484,660,1,1
TACAGCAAGCTCGTTA-1,SeuratProject,38.8159737547429,1553,1,1
TACATGGAGCGCATTT-1,SeuratProject,36.8146630733245,1073,0,0
TACATGGTCTACTTTG-1,SeuratProject,38.2079749637797,858,1,1
TACATTCAGACGAAAG-1,SeuratProject,37.9631101174867,510,2,2
TACATTCCACCTCGTT-1,SeuratProject,39.3645888172708,1136,0,0
TACATTCCATCTGCAA-1,SeuratProject,29.0159074489624,726,5,5
TACCCTGCAAACGACG-1,SeuratProject,36.5644181844987,408,0,0
TACCCTGCACACGGTC-1,SeuratProject,40.0562623606276,525,1,1
TACCCTGGTCAGACGA-1,SeuratProject,40.9351471525973,1251,1,1
TACCCTGTCGACTGGC-1,SeuratProject,40.848913793519,1314,2,2
TACCTATGTATCTCAG-1,SeuratProject,37.679214919285,1003,1,1
TACCTATGTATTCGAC-1,SeuratProject,38.6663489499694,610,1,1
TACCTCGGTTCCTGTC-1,SeuratProject,38.5695643940486,488,7,7
TACCTCGTCATCATGG-1,SeuratProject,39.614108579728,1503,1,1
TACGCAAGTACAAATG-1,SeuratProject,39.3377730566292,926,1,1
TACGCAAGTTAGAGAT-1,SeuratProject,42.7762482053129,777,0,0
TACGCCTAGCTGCTCG-1,SeuratProject,38.4261562869345,767,0,0
TACGCCTCATCGTGAT-1,SeuratProject,39.7553506596113,529,2,2
TACGGATAGAGAGGTA-1,SeuratProject,42.9729947355073,1264,0,0
TACGGATCAATGATGA-1,SeuratProject,39.2511006001519,759,0,0
TACGGATGTGAATCGG-1,SeuratProject,37.0618779166044,478,1,1
TACTAGGAGTTCGCGC-1,SeuratProject,39.4401455931181,871,1,1
TACTAGGGTATCGCGC-1,SeuratProject,37.526937473469,340,2,2
TACTCGCCAGTTGGAG-1,SeuratProject,39.3864831209653,1698,1,1
TACTCGCTCCACCTAC-1,SeuratProject,38.0763956081979,1304,1,1
TACTGCCAGTGTCCCG-1,SeuratProject,38.2884332719698,539,2,2
TACTGCCCAATGATGA-1,SeuratProject,36.4774861156948,773,4,4
TACTGCCCACATTGCA-1,SeuratProject,39.9744499254837,1075,2,2
TAGACTGAGCGAGCTA-1,SeuratProject,41.4225272864982,1015,0,0
TAGCACAGTTCTACGA-1,SeuratProject,38.5412649889318,702,1,1
TAGCATGCAGGACTGA-1,SeuratProject,41.8237152100297,852,0,0
TAGCATGCATGCTATG-1,SeuratProject,38.9681382917916,581,1,1
TAGCATGGTGCGCATC-1,SeuratProject,40.745817985938,1587,0,0
TAGCATGTCACAACAC-1,SeuratProject,37.028738162101,988,2,2
TAGCCCTAGCCATTCA-1,SeuratProject,38.2737514458079,799,2,2
TAGCCCTAGCCTCGCA-1,SeuratProject,37.7621672371066,1071,0,0
TAGCCCTCAAGTCTCA-1,SeuratProject,40.6848881617788,951,1,1
TAGCCCTCAATGATGA-1,SeuratProject,39.2315049545389,925,2,2
TAGCCCTCATTACTTC-1,SeuratProject,38.7004435126519,1030,4,4
TAGCCCTGTGCTTGAT-1,SeuratProject,39.1760410819726,972,0,0
TAGCCGGAGCTATCGT-1,SeuratProject,37.1958733730364,1099,0,0
TAGCCGGTCGAACACT-1,SeuratProject,37.1176798057942,616,0,0
TAGCGGCGTATGAAGT-1,SeuratProject,38.0863264697801,526,2,2
TAGCTTTCAAGGAACC-1,SeuratProject,38.4014541210009,1124,0,0
TAGGAGGAGGAGGCGA-1,SeuratProject,38.1256358757707,901,2,2
TAGGAGGAGTCACGCC-1,SeuratProject,38.9665917732332,1015,3,3
TAGGAGGCAGGCATTT-1,SeuratProject,39.3173020658118,1504,0,0
TAGGAGGGTGGTAGAC-1,SeuratProject,41.9743593840209,1153,0,0
TAGGTCAAGACTAATG-1,SeuratProject,37.7236426586438,1095,4,4
TAGGTCAGTCAGAAAT-1,SeuratProject,39.4696404242016,1261,0,0
TAGGTCAGTTCTCGAA-1,SeuratProject,39.891457968334,997,2,2
TAGGTGTAGTACCTCA-1,SeuratProject,37.316066114161,1751,0,0
TAGGTGTGTATCTAGC-1,SeuratProject,40.2332188885675,503,2,2
TAGGTGTGTGGAAGCT-1,SeuratProject,34.5719179264106,500,6,6
TAGGTGTTCCAGGTCG-1,SeuratProject,41.0940143490956,895,1,1
TAGGTGTTCGATCGCG-1,SeuratProject,39.7764889687387,1329,1,1
TAGTCCCAGACCCTAT-1,SeuratProject,42.2302548523932,1723,3,3
TAGTCCCAGAGGAACA-1,SeuratProject,44.3251521495846,1586,0,0
TAGTCCCCAATGCACT-1,SeuratProject,42.1507012863028,576,1,1
TAGTCCCTCCGGAAAG-1,SeuratProject,39.5400728552117,1219,1,1
TAGTCCCTCTGAAAGA-1,SeuratProject,38.8911615803517,834,2,2
TATCTGTAGAGCCTGA-1,SeuratProject,41.9523345494573,2158,0,0
TATCTGTCAGTAACTC-1,SeuratProject,35.6052722756976,914,0,0
TATCTGTGTCCCTTTG-1,SeuratProject,39.2473339702768,832,2,2
TATCTGTGTGGCCTCA-1,SeuratProject,36.8421080658231,644,0,0
TATGTGGAGCTCCGGT-1,SeuratProject,38.9374112299712,834,1,1
TATGTGGGTAGACGCA-1,SeuratProject,40.7258095154812,1290,1,1
TATTGCTCAAGCGGTA-1,SeuratProject,41.347076725601,739,1,1
TATTGCTGTAGCGAGT-1,SeuratProject,40.8319133381819,1354,1,1
TATTGCTTCCGTTAGA-1,SeuratProject,36.8661047325668,511,1,1
TATTGCTTCGGTTGTA-1,SeuratProject,37.0007252859396,799,4,4
TCAAAGCTCGTGATAC-1,SeuratProject,39.2413479484461,913,4,4
TCAAGACAGTATGCTC-1,SeuratProject,39.7689232880767,603,4,4
TCAAGACAGTCTCGAT-1,SeuratProject,38.6771763213421,976,0,0
TCAAGACGTGCATTGT-1,SeuratProject,40.963345433547,1804,1,1
TCAAGACTCAGTCACA-1,SeuratProject,37.6785879954806,1404,0,0
TCAAGACTCTTCAGAG-1,SeuratProject,43.3962392244615,856,0,0
TCAAGCAAGCTAGTTC-1,SeuratProject,32.0728924749553,855,2,2
TCAAGCAAGTGTCACT-1,SeuratProject,38.7414038616863,718,1,1
TCAAGCACATTAGCAC-1,SeuratProject,37.9275223691746,1424,0,0
TCAAGCAGTAGAGAGA-1,SeuratProject,40.7422805488269,1399,0,0
TCAAGCATCCGTTAGA-1,SeuratProject,36.4895142091562,1682,1,1
TCAAGCATCGCACCTT-1,SeuratProject,40.1571914544737,838,4,4
TCAAGCATCTCTATCA-1,SeuratProject,38.1769134996093,1084,1,1
TCAAGGTAGGTCCTCG-1,SeuratProject,38.7978193458649,1084,4,4
TCACAAGCAGAACTTC-1,SeuratProject,38.4340413887466,1111,0,0
TCACAAGGTCGTAATC-1,SeuratProject,38.2902562454377,1065,1,1
TCACAAGGTGTCTACA-1,SeuratProject,38.2654413858753,889,2,2
TCACAGACATGGGACA-1,SeuratProject,39.9853110205607,955,1,1
TCACAGAGTACGGAGT-1,SeuratProject,37.119519604057,464,2,2
TCACCACAGGATATCA-1,SeuratProject,39.0509578823553,973,2,2
TCACCTGAGATCTCAC-1,SeuratProject,40.6322554875134,623,2,2
TCACCTGAGGATTAAC-1,SeuratProject,36.9392742016969,1000,0,0
TCACTCGAGATTAGAC-1,SeuratProject,40.154204883264,866,0,0
TCACTCGTCGGTCCGA-1,SeuratProject,37.9009058891707,837,1,1
TCAGCTCCATTGTGAC-1,SeuratProject,38.533083671562,899,2,2
TCAGGGCAGTCTGGGA-1,SeuratProject,39.5584417615062,766,1,1
TCAGGGCTCCCACGGA-1,SeuratProject,40.4554878252218,1434,1,1
TCAGGGCTCTCTGAGA-1,SeuratProject,36.2811360185588,685,0,0
TCAGGTAAGACGACTG-1,SeuratProject,38.4952495830216,577,3,3
TCAGGTACAATTGCCA-1,SeuratProject,38.1037498441905,758,0,0
TCAGGTAGTGTGTGTT-1,SeuratProject,39.7529603609397,806,2,2
TCAGGTATCGTTCCGT-1,SeuratProject,39.5314372002079,892,2,2
TCAGTCCAGACACAAT-1,SeuratProject,38.5102802804618,570,0,0
TCAGTCCGTCTGCACG-1,SeuratProject,43.2190235886685,1252,0,0
TCAGTCCTCTACCCGT-1,SeuratProject,39.4665504706994,1416,1,1
TCAGTTTAGCAACGGT-1,SeuratProject,43.2161069634011,1395,0,0
TCAGTTTAGGTGATGC-1,SeuratProject,38.2732328374276,1145,2,2
TCAGTTTGTCCGCTTT-1,SeuratProject,38.059027403894,756,3,3
TCAGTTTGTCTGTCCT-1,SeuratProject,38.7107569970971,1341,0,0
TCAGTTTTCGATAGGG-1,SeuratProject,37.7394783876651,822,0,0
TCAGTTTTCTATCTAC-1,SeuratProject,41.36099133933,1735,1,1
TCCAGAAGTTACCACA-1,SeuratProject,38.7672533533224,510,1,1
TCCCACAAGGAAACTT-1,SeuratProject,38.668530979572,508,1,1
TCCCACACAATGCCAT-1,SeuratProject,37.2196646880478,634,4,4
TCCCACATCTGTCGGG-1,SeuratProject,37.3925844326841,928,1,1
TCCCACATCTTCTCTC-1,SeuratProject,39.6056737545299,770,0,0
TCCGACTAGTGAACCG-1,SeuratProject,36.6767998526587,661,0,0
TCCGACTCAGGACCTC-1,SeuratProject,37.9385463747918,846,0,0
TCCGACTGTAGAAAGG-1,SeuratProject,40.2250208173652,1072,2,2
TCCGACTGTATGGATA-1,SeuratProject,38.3770056556266,957,1,1
TCCGACTTCAAATGGA-1,SeuratProject,38.7623037335136,990,2,2
TCGATTTCACCTACCT-1,SeuratProject,42.5618300535212,1104,1,1
TCGCAGGAGTAACACA-1,SeuratProject,41.5747177272156,944,3,3
TCGCAGGCAGGACTGA-1,SeuratProject,38.4278839436908,1043,1,1
TCGCCTAAGAGGCCTA-1,SeuratProject,38.8220703730274,855,0,0
TCGGGACAGTTGCCGC-1,SeuratProject,37.8970112280127,781,4,4
TCGGGACCAACATAAG-1,SeuratProject,37.2637588324993,720,1,1
TCGTTCGGTGAATGGC-1,SeuratProject,37.5083722958268,849,2,2
TCTAGTTGTAAGTGCG-1,SeuratProject,39.3261558098679,941,2,2
TCTAGTTTCAGTTGAC-1,SeuratProject,38.5746100257328,1270,0,0
TCTATTGCAGGGTACA-1,SeuratProject,38.2653460223645,896,4,4
TCTATTGCATCCCTCA-1,SeuratProject,37.6556473913866,706,4,4
TCTATTGGTTTCAGCA-1,SeuratProject,39.0269889081431,1262,2,2
TCTCTGGCACAGTTCA-1,SeuratProject,39.3843222174205,597,0,0
TCTCTGGGTTACGCTA-1,SeuratProject,42.4332844846635,1007,0,0
TCTCTGGTCATTCTCA-1,SeuratProject,39.8012044821772,1161,0,0
TGAATCGTCGCTATTT-1,SeuratProject,39.8937562743855,1054,2,2
TGAGCCGAGTTGTCCA-1,SeuratProject,40.1273702209472,772,1,1
TGAGCCGGTGTGCTTA-1,SeuratProject,36.5223838713531,804,1,1
TGAGCCGGTTTGCCCT-1,SeuratProject,35.5751379121905,769,0,0
TGATCAGAGATTACGA-1,SeuratProject,39.7167948732063,1034,2,2
TGATCAGTCGGGTCCA-1,SeuratProject,40.7755552476403,1152,5,5
TGATGCAAGCGTGTTT-1,SeuratProject,38.1723705095729,433,0,0
TGATGCATCTACCCGT-1,SeuratProject,39.328404449662,963,0,0
TGATGCATCTATTTCG-1,SeuratProject,40.0240187877055,761,3,3
TGATGCATCTGACTTT-1,SeuratProject,38.8280799050538,808,4,4
TGATTTCAGACCAATA-1,SeuratProject,40.2063402405144,762,0,0
TGATTTCCAACGCAAG-1,SeuratProject,36.9244866378451,1470,1,1
TGATTTCGTCATTGCA-1,SeuratProject,39.5097456196736,834,2,2
TGCACCTAGGTTCGTT-1,SeuratProject,40.0740087820356,1023,2,2
TGCATGAAGGCGACTA-1,SeuratProject,42.0285085334465,436,3,3
TGCATGAGTATTCGAC-1,SeuratProject,37.7636938394933,904,1,1
TGCATGAGTCCGAGCT-1,SeuratProject,38.0793195977164,564,1,1
TGCATGAGTTCTCGAA-1,SeuratProject,39.2879565621297,1268,0,0
TGCCTCACACTCAGCG-1,SeuratProject,36.8007971735775,1134,1,1
TGCCTCACAGCTGATT-1,SeuratProject,40.104970371284,906,0,0
TGCCTCACAGGCAGAT-1,SeuratProject,43.3189473536079,648,3,3
TGCCTCAGTCACCCGA-1,SeuratProject,37.5949090751703,667,4,4
TGCCTGTGTGCTGAAG-1,SeuratProject,40.4821622307219,1028,2,2
TGCCTGTTCTACCCGT-1,SeuratProject,37.6429517029391,914,2,2
TGCGTAACAAAGACGC-1,SeuratProject,39.1848384629432,699,3,3
TGCGTAATCAGGAATA-1,SeuratProject,37.4858181866162,865,3,3
TGCGTAATCGACTCGG-1,SeuratProject,37.8428326117704,582,0,0
TGCGTAATCGTCCCTA-1,SeuratProject,40.5747818220149,1534,0,0
TGCTCACAGAGGCAGG-1,SeuratProject,37.3667862086429,682,0,0
TGCTCACCAATGGCAG-1,SeuratProject,37.1588892832543,723,2,2
TGCTCGTAGTGTTCCA-1,SeuratProject,38.3904662235232,1192,2,2
TGCTCGTCAAGAAACT-1,SeuratProject,35.8462597363283,587,0,0
TGCTCGTCAAGCCCTG-1,SeuratProject,38.5357384797858,1078,0,0
TGCTCGTGTCCAAGTT-1,SeuratProject,36.3247293705315,833,4,4
TGCTCGTTCAGTCTTT-1,SeuratProject,40.2224637325352,1641,1,1
TGCTCGTTCTTACTCA-1,SeuratProject,39.768169405594,767,2,2
TGCTTCGCATCGTGAT-1,SeuratProject,40.5549532697207,1202,2,2
TGCTTCGTCCGGGCAT-1,SeuratProject,38.3264048280536,1266,2,2
TGCTTTAGTCAGGCTC-1,SeuratProject,38.4365211459996,857,2,2
TGCTTTATCCAATAGC-1,SeuratProject,40.5500045123188,1213,1,1
TGGAAGGAGCGAGAAA-1,SeuratProject,37.1192737461532,1298,0,0
TGGAAGGAGTGCCCTG-1,SeuratProject,37.7884321322555,822,0,0
TGGAAGGGTGCCAAGA-1,SeuratProject,40.5078800268744,1076,1,1
TGGACATGTCTTAGCA-1,SeuratProject,39.7691737506569,787,2,2
TGGCAATCACAATAAG-1,SeuratProject,39.888313414072,926,3,3
TGGCCTTAGCATACCT-1,SeuratProject,36.9314583738916,1016,2,2
TGGCCTTCAACAACTC-1,SeuratProject,39.3039908491701,1153,1,1
TGGCCTTGTAGCCATT-1,SeuratProject,37.7806112366649,660,0,0
TGGCCTTGTGTACGCC-1,SeuratProject,39.3529739050038,987,2,2
TGGCGCAAGTTCTCCC-1,SeuratProject,39.4809339685989,1365,0,0
TGGCGCAGTAGCATGG-1,SeuratProject,39.1803211781158,1050,2,2
TGGCGCATCGGTCTAA-1,SeuratProject,38.6966821159046,966,2,2
TGGGTGCGTCAGTGTT-1,SeuratProject,38.2218450965796,765,1,1
TGGGTGCGTGCCCGAT-1,SeuratProject,39.1524169426011,667,1,1
TGGGTGCTCACTAGGT-1,SeuratProject,37.8028009036399,973,1,1
TGGGTTACACGGTTAT-1,SeuratProject,37.0491130284698,1451,1,1
TGGGTTAGTATTGTGC-1,SeuratProject,37.9453229283108,793,2,2
TGGTCCTAGGATTGAT-1,SeuratProject,42.0234801123071,880,0,0
TGGTCCTTCTCGCGTT-1,SeuratProject,42.7476240195908,822,0,0
TGTAAGCGTGTGAGGT-1,SeuratProject,37.2120870526506,896,1,1
TGTAAGCGTTATCGAC-1,SeuratProject,39.7500184587265,889,2,2
TGTACAGAGAATCAAC-1,SeuratProject,40.4529429551197,937,0,0
TGTACAGAGGCTTAAA-1,SeuratProject,39.1625544373689,607,3,3
TGTACAGCACGTACAT-1,SeuratProject,38.2717759311277,842,1,1
TGTACGACAGCACATT-1,SeuratProject,38.3166380914362,1652,2,2
TGTAGCAAGTCGACCC-1,SeuratProject,39.6372208565338,1082,0,0
TGTAGCATCGTTCCGT-1,SeuratProject,37.6921453129301,725,0,0
TGTGACAAGGTAAGTT-1,SeuratProject,35.8454602832799,687,2,2
TGTGACAAGTCTCCAA-1,SeuratProject,40.0290703817897,1106,1,1
TGTGACAAGTGGACGT-1,SeuratProject,40.5582557018966,994,1,1
TGTGACAAGTGTCCCG-1,SeuratProject,38.8767530111538,780,4,4
TGTGACAAGTTAGAGT-1,SeuratProject,40.2011029494461,844,5,5
TGTGACACATGCGCTG-1,SeuratProject,37.2732989133605,912,0,0
TGTGACACATTACACG-1,SeuratProject,38.9909317303892,1483,0,0
TGTGACAGTCGACTGC-1,SeuratProject,38.4879830606342,722,0,0
TGTGACAGTTACTACG-1,SeuratProject,42.0881546104892,754,1,1
TGTGGCGGTATTCTCT-1,SeuratProject,40.8869204141265,1193,3,3
TGTGGCGGTCTGTCCT-1,SeuratProject,39.9977500727859,981,1,1
TGTGTCCAGCTAGTTC-1,SeuratProject,39.1865916049295,952,2,2
TGTGTCCGTACAAATG-1,SeuratProject,39.9038660583759,816,1,1
TGTGTCCGTAGATTAG-1,SeuratProject,38.4666444681163,677,0,0
TGTGTCCGTGCGTAGA-1,SeuratProject,37.9149849000128,902,0,0
TGTTAGGGTGATAGAT-1,SeuratProject,40.4137286792218,934,2,2
TGTTAGGGTGTTGGTT-1,SeuratProject,40.257048209154,1237,0,0
TGTTAGGTCCGCTCTA-1,SeuratProject,29.2269475859252,499,2,2
TTAACGGCAATTCTCT-1,SeuratProject,42.0492222408382,2264,8,8
TTAACGGGTTTCGATG-1,SeuratProject,39.4258105386764,902,2,2
TTACCCGCACGACGAA-1,SeuratProject,37.5052662782045,919,2,2
TTACCCGGTGCGACCT-1,SeuratProject,39.8297481423736,1026,4,4
TTACCCGTCGGTACTA-1,SeuratProject,36.5668637193786,685,1,1
TTACCGCAGAACCATA-1,SeuratProject,39.2944684826209,614,0,0
TTACCGCAGCGAGCTA-1,SeuratProject,39.4861980828099,750,1,1
TTACCGCAGGTAAGTT-1,SeuratProject,40.3507357902001,891,2,2
TTACCGCCAAGTCCTA-1,SeuratProject,35.4753438564746,830,1,1
TTACCGCGTAACTGAA-1,SeuratProject,40.2206524471125,1196,2,2
TTACCGCGTCTGATTG-1,SeuratProject,41.135707888458,1366,0,0
TTACGGAAGTGTCGCC-1,SeuratProject,37.9594276991598,719,0,0
TTACGGAGTAACGGCA-1,SeuratProject,38.1732389682637,924,2,2
TTACGGAGTTGGTAAA-1,SeuratProject,39.0801396076355,821,2,2
TTACTCACAGGGTAAC-1,SeuratProject,36.8790408543095,893,4,4
TTACTCAGTTCTGATG-1,SeuratProject,38.9957695934744,1468,1,1
TTACTTGCATGGCCCA-1,SeuratProject,38.9795544074489,671,0,0
TTACTTGCATTAGCCA-1,SeuratProject,39.3410188162968,444,0,0
TTAGCGAAGCTATCGT-1,SeuratProject,36.4418080463066,1204,0,0
TTAGCGACATTGCCTC-1,SeuratProject,38.3712755981326,754,0,0
TTAGGTGAGATCGATA-1,SeuratProject,44.1293306461347,867,0,0
TTAGGTGTCGTCTTAT-1,SeuratProject,40.3136203411834,1349,2,2
TTATGTCGTGTCCCAG-1,SeuratProject,36.2712412793808,899,0,0
TTCAACTAGTGTAATG-1,SeuratProject,38.1943052982776,1040,1,1
TTCAACTGTTCTTTCA-1,SeuratProject,39.4151663174034,1066,2,2
TTCAACTGTTGCAGCC-1,SeuratProject,36.963158815495,1136,0,0
TTCAACTTCATTCGGA-1,SeuratProject,37.2207662603506,1045,1,1
TTCATCAGTATTTGCG-1,SeuratProject,39.3780374952894,854,0,0
TTCATCATCAGGGTTT-1,SeuratProject,39.7234218265134,1295,1,1
TTCATTGAGTCTCGAT-1,SeuratProject,40.3712814625736,503,1,1
TTCATTGCACTGTCGG-1,SeuratProject,38.6951565286525,1247,1,1
TTCATTGGTATTGTGC-1,SeuratProject,38.507943874921,1502,1,1
TTCATTGGTGGACGAT-1,SeuratProject,41.9797095230552,424,0,0
TTCATTGTCCTCATTA-1,SeuratProject,39.9527191123173,693,0,0
TTCGATTAGCAGGAGG-1,SeuratProject,39.1462049252882,1031,2,2
TTCGCGTAGGGTAATT-1,SeuratProject,43.2513472333238,1409,0,0
TTCGCGTGTAGGTGAC-1,SeuratProject,40.0522520223738,1204,1,1
TTCGCGTGTGCTTACA-1,SeuratProject,43.1671501929526,302,0,0
TTCGGTCCACCGATCG-1,SeuratProject,40.1289211167309,869,2,2
TTCGGTCGTATCATGC-1,SeuratProject,39.6690864111412,1168,2,2
TTCGGTCGTCCCTAAA-1,SeuratProject,37.9125065048844,1077,3,3
TTCGGTCGTTTCTTAC-1,SeuratProject,40.5569440428909,898,1,1
TTCGTTAAGTCACGCC-1,SeuratProject,39.4153960188376,1302,0,0
TTCGTTAAGTGCTGAG-1,SeuratProject,34.0337978249332,997,0,0
TTCGTTAGTGAGTAAT-1,SeuratProject,34.4472538183854,668,0,0
TTCTAACCACGTTACA-1,SeuratProject,39.1197213438742,764,3,3
TTCTGTACAATAGCGG-1,SeuratProject,38.5798709081904,757,4,4
TTCTGTACACTAGCCG-1,SeuratProject,36.5717941771282,410,7,7
TTCTGTATCGATATGC-1,SeuratProject,36.6391493887485,729,4,4
TTCTGTATCTATTGTC-1,SeuratProject,43.8274741439625,846,3,3
TTGACGAAGCTGCTCG-1,SeuratProject,37.2775236008171,627,0,0
TTGACGACAGATTGTC-1,SeuratProject,41.0719337419875,1182,1,1
TTGACGAGTCTCTGCT-1,SeuratProject,36.4456428993953,1128,0,0
TTGACGATCACAGGGA-1,SeuratProject,38.2000065899347,1061,1,1
TTGAGCAAGCATTCCA-1,SeuratProject,37.5843744312118,1173,1,1
TTGAGCACACTGTAAC-1,SeuratProject,39.671521533146,1675,2,2
TTGAGTGTCATTCTCA-1,SeuratProject,37.2311755008452,1121,0,0
TTGAGTGTCCTCCAGT-1,SeuratProject,38.8874734953852,1439,2,2
TTGCACCAGAACCCGA-1,SeuratProject,39.0826829672186,728,1,1
TTGCACCGTAGACGCA-1,SeuratProject,39.137170219719,679,2,2
TTGCACCGTCCAACCG-1,SeuratProject,38.9594089602023,784,0,0
TTGCACCGTTTAGAAG-1,SeuratProject,37.9042086397281,1275,2,2
TTGCACCTCGAGTTAC-1,SeuratProject,40.2039113363919,818,3,3
TTGCACCTCTGAGTAC-1,SeuratProject,40.5965282086943,1799,8,8
TTGCAGAAGCATTCCA-1,SeuratProject,40.8528669733257,799,2,2
TTGCAGACATTCACGA-1,SeuratProject,41.7305125012643,1625,1,1
TTGCAGATCACATTCT-1,SeuratProject,40.4604713946547,1539,0,0
TTGCCCAGTAACAATG-1,SeuratProject,30.5179198687715,774,0,0
TTGCCCATCCATTGTT-1,SeuratProject,40.5053919030055,1162,0,0
TTGCGAAAGCTGATTC-1,SeuratProject,39.1184230386078,743,0,0
TTGCGAAGTGTGCGTC-1,SeuratProject,44.0264460579152,701,1,1
TTGCGAAGTTACTACG-1,SeuratProject,39.6005573929625,1229,0,0
TTGCGAATCCAAGTCA-1,SeuratProject,40.7778880880765,1231,3,3
TTGCGGGCATGTATCG-1,SeuratProject,36.8722476920028,561,2,2
TTGCGGGTCTCTGAGA-1,SeuratProject,38.5364588155475,1121,1,1
TTGCTTATCCCGTATC-1,SeuratProject,39.6336060722703,897,2,2
TTGCTTATCGCTATTT-1,SeuratProject,30.4547904013026,518,6,6
TTGGTCCCACTTGCGG-1,SeuratProject,37.7970416278181,799,1,1
TTGGTCCTCCATAGGT-1,SeuratProject,39.008377016251,1259,0,0
TTGGTCCTCTGTAGAC-1,SeuratProject,39.1140185017826,1182,2,2
TTGTCTATCTCATCCG-1,SeuratProject,37.1601045641598,1287,0,0
TTGTTCAAGTACGCGA-1,SeuratProject,39.7620185616688,1074,2,2
TTGTTCACAACCTCTC-1,SeuratProject,40.7891133310827,552,3,3
TTGTTCAGTCGTCGCA-1,SeuratProject,37.6076643855849,1001,4,4
TTGTTCAGTGCAAGCA-1,SeuratProject,37.3836953593786,838,3,3
TTGTTGTCAAGGTTCT-1,SeuratProject,37.2560149447011,1437,0,0
TTGTTGTTCGGGACAA-1,SeuratProject,40.4367541274399,826,2,2
TTTACGTCAACGACAG-1,SeuratProject,40.7366611766196,1168,3,3
TTTACGTCACCGAAAG-1,SeuratProject,38.9136905487318,786,2,2
TTTACGTCATCATAGC-1,SeuratProject,40.9061554263636,1545,1,1
TTTGAGGGTATCACAC-1,SeuratProject,37.0463006464972,798,0,0
TTTGCGCAGCACGTAG-1,SeuratProject,40.8753737608416,1102,2,2
TTTGCGCAGTCGAGCA-1,SeuratProject,40.0652082973771,835,0,0
TTTGCGCCATCCATAG-1,SeuratProject,41.4895778191105,1868,8,8
TTTGCGCCATGCGTTA-1,SeuratProject,36.7875307048309,664,4,4
TTTGCGCCATTGTTCT-1,SeuratProject,39.506398941686,615,2,2
TTTGCGCGTCACCCGA-1,SeuratProject,40.7716814684459,1567,0,0
TTTGCGCGTTCCATCC-1,SeuratProject,36.9698186025919,999,1,1
TTTGCGCGTTCTCGAA-1,SeuratProject,37.5769313915948,810,2,2
TTTGCGCTCGTGAGTT-1,SeuratProject,39.3221391699391,955,3,3
TTTGGCCAGTAATCAG-1,SeuratProject,38.7486014267839,957,3,3
TTTGGCCCAAGTCTCA-1,SeuratProject,38.8175980259171,796,1,1
TTTGGCCCACTCGGAC-1,SeuratProject,40.578330365665,1065,1,1
TTTGGCCCATGGCCCA-1,SeuratProject,42.9530296708335,1014,3,3
TTTGGTTGTAACAATG-1,SeuratProject,41.4262486542684,671,1,1
TTTGTGTTCCTAAAGC-1,SeuratProject,40.5357721773812,1126,1,1
