"Variant1","Variant2","Observed","Expected","log10_OE","P_perm","Significance","Variant_Type"
"8313G>A","10197G>A",376,374.190567853705,0.00209500879925316,0.163,"Not Significant","pathogenic"
"8313G>A","14568C>T",439,437.882579403272,0.00110685255518735,0.395,"Not Significant","pathogenic"
"8313G>A","5650G>A",348,346.32531280077,0.00209500879925306,0.166,"Not Significant","pathogenic"
"8313G>A","3243A>T",333,331.39749759384,0.00209500879925306,0.154,"Not Significant","pathogenic"
"8313G>A","9185T>C",373,374.190567853705,-0.00138400431971934,0.351,"Not Significant","pathogenic"
"8313G>A","12294G>A",77,76.6294513955727,0.00209500879925095,1,"Not Significant","pathogenic"
"8313G>A","1494C>T",151,151.268527430221,-0.00077163185234883,1,"Not Significant","pathogenic"
"8313G>A","11778G>A",174,174.157844080847,-0.000393791604440761,1,"Not Significant","pathogenic"
"8313G>A","3376G>A",146,145.297401347449,0.0020950087992523,0.633,"Not Significant","pathogenic"
"8313G>A","8344A>G",147,146.292589027911,0.0020950087992522,0.625,"Not Significant","pathogenic"
"8313G>A","13094T>C",161,160.225216554379,0.00209500879925239,0.6,"Not Significant","pathogenic"
"8313G>A","13513G>A",132,131.364773820982,0.0020950087992521,0.644,"Not Significant","pathogenic"
"8313G>A","15579A>G",163,162.215591915303,0.00209500879925239,0.596,"Not Significant","pathogenic"
"8313G>A","583G>A",168,169.181905678537,-0.00304463085315561,0.213,"Not Significant","pathogenic"
"8313G>A","10158T>C",128,128.379210779596,-0.00128473185212592,1,"Not Significant","pathogenic"
"8313G>A","3635G>A",134,133.355149181906,0.0020950087992521,0.623,"Not Significant","pathogenic"
"8313G>A","3243A>G",113,112.456207892204,0.00209500879925182,0.648,"Not Significant","pathogenic"
"8313G>A","13051G>A",175,175.153031761309,-0.000379610328601444,1,"Not Significant","pathogenic"
"8313G>A","8363G>A",90,90.5620789220404,-0.00270387408251203,0.384,"Not Significant","pathogenic"
"8313G>A","10191T>C",154,153.258902791145,0.0020950087992523,0.576,"Not Significant","pathogenic"
"8313G>A","9176T>G",140,141.316650625602,-0.00406529990556187,0.139,"Not Significant","pathogenic"
"8313G>A","1555A>G",76,75.6342637151107,0.00209500879925095,1,"Not Significant","pathogenic"
"8313G>A","14487T>C",103,102.504331087584,0.00209500879925162,1,"Not Significant","pathogenic"
"8313G>A","3890G>A",97,96.5332050048123,0.00209500879925153,1,"Not Significant","pathogenic"
"8313G>A","7511T>C",81,80.6102021174206,0.00209500879925114,1,"Not Significant","pathogenic"
"8313G>A","3460G>A",91,90.5620789220404,0.00209500879925143,1,"Not Significant","pathogenic"
"8313G>A","4450G>A",53,52.7449470644851,0.0020950087992497,1,"Not Significant","pathogenic"
"8313G>A","5703G>A",57,56.725697786333,0.00209500879924999,1,"Not Significant","pathogenic"
"8313G>A","14453G>A",65,64.6871992300289,0.00209500879925047,1,"Not Significant","pathogenic"
"8313G>A","10663T>C",99,98.5235803657363,0.00209500879925162,1,"Not Significant","pathogenic"
"8313G>A","7497G>A",62,61.7016361886429,0.00209500879925028,1,"Not Significant","pathogenic"
"8313G>A","3303C>T",55,54.735322425409,0.0020950087992499,1,"Not Significant","pathogenic"
"8313G>A","14459G>A",55,54.735322425409,0.0020950087992499,1,"Not Significant","pathogenic"
"8313G>A","9155A>G",72,72.6487006737247,-0.00389535488992835,0.327,"Not Significant","pathogenic"
"8313G>A","3280A>G",64,64.6871992300289,-0.00463837385970751,0.259,"Not Significant","pathogenic"
"8313G>A","13379A>G",55,54.735322425409,0.0020950087992499,1,"Not Significant","pathogenic"
"8313G>A","4332G>A",29,28.8604427333975,0.00209500879924644,1,"Not Significant","pathogenic"
"8313G>A","8969G>A",47,46.7738209817132,0.00209500879924922,1,"Not Significant","pathogenic"
"8313G>A","7510T>C",36,35.8267564966314,0.00209500879924788,1,"Not Significant","pathogenic"
"8313G>A","5521G>A",11,11.9422521655438,-0.0356935520898345,0.059,"Not Significant","pathogenic"
"8313G>A","12147G>A",17,16.9181905678537,0.00209500879924135,1,"Not Significant","pathogenic"
"8313G>A","8340G>A",8,7.96150144369586,0.00209500879922744,1,"Not Significant","pathogenic"
"10197G>A","14568C>T",87,159.230028873917,-0.262505721237826,0,"Significant","pathogenic"
"10197G>A","5650G>A",91,125.936477382098,-0.141110148995839,0,"Significant","pathogenic"
"10197G>A","3243A>T",65,120.508180943215,-0.26810317423364,0,"Significant","pathogenic"
"10197G>A","9185T>C",140,136.069297401347,0.0123678933800843,0.614,"Not Significant","pathogenic"
"10197G>A","12294G>A",15,27.8652550529355,-0.268971763485948,0,"Significant","pathogenic"
"10197G>A","1494C>T",42,55.0067372473532,-0.117166594917111,0.012,"Significant","pathogenic"
"10197G>A","11778G>A",113,63.330125120308,0.25146809742634,0,"Significant","pathogenic"
"10197G>A","3376G>A",107,52.8354186717998,0.306458624529873,0,"Significant","pathogenic"
"10197G>A","8344A>G",38,53.1973051010587,-0.146106035501523,0.004,"Significant","pathogenic"
"10197G>A","13094T>C",88,58.2637151106833,0.179084498747583,0,"Significant","pathogenic"
"10197G>A","13513G>A",94,47.7690086621752,0.293981625022918,0,"Significant","pathogenic"
"10197G>A","15579A>G",67,58.9874879692012,0.055314900926297,0.142,"Not Significant","pathogenic"
"10197G>A","583G>A",64,61.5206929740135,0.0171587552351022,0.741,"Not Significant","pathogenic"
"10197G>A","10158T>C",44,46.6833493743985,-0.0257093311834884,0.62,"Not Significant","pathogenic"
"10197G>A","3635G>A",85,48.492781520693,0.243741829978617,0,"Significant","pathogenic"
"10197G>A","3243A>G",37,40.893166506256,-0.0434490167867966,0.484,"Not Significant","pathogenic"
"10197G>A","13051G>A",78,63.6920115495669,0.0880096375057219,0.016,"Significant","pathogenic"
"10197G>A","8363G>A",68,32.9316650625602,0.314895223013979,0,"Significant","pathogenic"
"10197G>A","10191T>C",53,55.730510105871,-0.0218171486061175,0.657,"Not Significant","pathogenic"
"10197G>A","9176T>G",47,51.3878729547642,-0.0387627838177437,0.45,"Not Significant","pathogenic"
"10197G>A","1555A>G",28,27.5033686236766,0.00777214169091628,1,"Not Significant","pathogenic"
"10197G>A","14487T>C",31,37.274302213667,-0.0800478282411474,0.2,"Not Significant","pathogenic"
"10197G>A","3890G>A",39,35.1029836381136,0.045720575389647,0.444,"Not Significant","pathogenic"
"10197G>A","7511T>C",29,29.3128007699711,-0.00465931835016139,1,"Not Significant","pathogenic"
"10197G>A","3460G>A",34,32.9316650625602,0.0138652273506364,0.827,"Not Significant","pathogenic"
"10197G>A","4450G>A",19,19.1799807507218,-0.0040945660184223,1,"Not Significant","pathogenic"
"10197G>A","5703G>A",25,20.6275264677575,0.0834928556286943,0.254,"Not Significant","pathogenic"
"10197G>A","14453G>A",33,23.5226179018287,0.147028285864018,0.02,"Significant","pathogenic"
"10197G>A","10663T>C",35,35.8267564966314,-0.0101394476177293,0.928,"Not Significant","pathogenic"
"10197G>A","7497G>A",29,22.436958614052,0.111434011029781,0.09,"Not Significant","pathogenic"
"10197G>A","3303C>T",18,19.9037536092397,-0.0436624817611907,0.678,"Not Significant","pathogenic"
"10197G>A","14459G>A",27,19.9037536092397,0.132428777293686,0.041,"Significant","pathogenic"
"10197G>A","9155A>G",33,26.4177093358999,0.09661878238662,0.114,"Not Significant","pathogenic"
"10197G>A","3280A>G",23,23.5226179018287,-0.00975781799570445,0.89,"Not Significant","pathogenic"
"10197G>A","13379A>G",23,19.9037536092397,0.0627928491525716,0.392,"Not Significant","pathogenic"
"10197G>A","4332G>A",20,10.4947064485082,0.280059700392575,0,"Significant","pathogenic"
"10197G>A","8969G>A",14,17.0086621751684,-0.0845421196274143,0.352,"Not Significant","pathogenic"
"10197G>A","7510T>C",15,13.0279114533205,0.0612164609174721,0.563,"Not Significant","pathogenic"
"10197G>A","5521G>A",5,4.34263715110683,0.0612164609165955,0.762,"Not Significant","pathogenic"
"10197G>A","12147G>A",8,6.15206929740135,0.114068768241555,0.43,"Not Significant","pathogenic"
"10197G>A","8340G>A",3,2.89509143407122,0.0154589703567106,1,"Not Significant","pathogenic"
"14568C>T","5650G>A",172,147.372473532243,0.0671120740319158,0,"Significant","pathogenic"
"14568C>T","3243A>T",194,141.02021174206,0.138520367494812,0,"Significant","pathogenic"
"14568C>T","9185T>C",159,159.230028873917,-0.000627849536219224,1,"Not Significant","pathogenic"
"14568C>T","12294G>A",19,32.6082771896054,-0.234574253147709,0,"Significant","pathogenic"
"14568C>T","1494C>T",82,64.3695861405197,0.105133135509789,0.003,"Significant","pathogenic"
"14568C>T","11778G>A",45,74.1097208854668,-0.216662663839582,0,"Significant","pathogenic"
"14568C>T","3376G>A",44,61.8286814244466,-0.147737308226975,0.002,"Significant","pathogenic"
"14568C>T","8344A>G",73,62.2521655437921,0.069168396443167,0.06,"Not Significant","pathogenic"
"14568C>T","13094T>C",57,68.1809432146294,-0.0777881492882433,0.069,"Not Significant","pathogenic"
"14568C>T","13513G>A",36,55.8999037536092,-0.191108559367143,0,"Significant","pathogenic"
"14568C>T","15579A>G",76,69.0279114533205,0.0417888589477658,0.258,"Not Significant","pathogenic"
"14568C>T","583G>A",70,71.9923002887392,-0.01218801029301,0.784,"Not Significant","pathogenic"
"14568C>T","10158T>C",70,54.6294513955727,0.107671200785823,0.004,"Significant","pathogenic"
"14568C>T","3635G>A",35,56.7468719923003,-0.209873882943066,0,"Significant","pathogenic"
"14568C>T","3243A>G",62,47.8537054860443,0.112476117085617,0.003,"Significant","pathogenic"
"14568C>T","13051G>A",66,74.5332050048123,-0.0528058612012158,0.157,"Not Significant","pathogenic"
"14568C>T","8363G>A",22,38.5370548604427,-0.24345584042705,0,"Significant","pathogenic"
"14568C>T","10191T>C",74,65.2165543792108,0.0548738699654241,0.135,"Not Significant","pathogenic"
"14568C>T","9176T>G",76,60.1347449470645,0.101688118968574,0.005,"Significant","pathogenic"
"14568C>T","1555A>G",36,32.1847930702599,0.0486517795573429,0.39,"Not Significant","pathogenic"
"14568C>T","14487T>C",48,43.618864292589,0.0415668837413141,0.378,"Not Significant","pathogenic"
"14568C>T","3890G>A",46,41.0779595765159,0.0491489684862061,0.323,"Not Significant","pathogenic"
"14568C>T","7511T>C",38,34.3022136669875,0.0444614488090272,0.396,"Not Significant","pathogenic"
"14568C>T","3460G>A",37,38.5370548604427,-0.0176767971830618,0.733,"Not Significant","pathogenic"
"14568C>T","4450G>A",15,22.4446583253128,-0.175021739473157,0.043,"Significant","pathogenic"
"14568C>T","5703G>A",15,24.1385948026949,-0.206620725544724,0.01,"Significant","pathogenic"
"14568C>T","14453G>A",20,27.5264677574591,-0.138720489907291,0.04,"Significant","pathogenic"
"14568C>T","10663T>C",45,41.9249278152069,0.0307401902487129,0.527,"Not Significant","pathogenic"
"14568C>T","7497G>A",25,26.2560153994225,-0.0212888097551432,0.782,"Not Significant","pathogenic"
"14568C>T","3303C>T",27,23.2916265640039,0.0641639457354773,0.341,"Not Significant","pathogenic"
"14568C>T","14459G>A",20,23.2916265640039,-0.0661698227589658,0.405,"Not Significant","pathogenic"
"14568C>T","9155A>G",37,30.9143407122233,0.078041735017298,0.139,"Not Significant","pathogenic"
"14568C>T","3280A>G",34,27.5264677574591,0.0917284314700892,0.123,"Not Significant","pathogenic"
"14568C>T","13379A>G",29,23.2916265640039,0.0951981794753352,0.114,"Not Significant","pathogenic"
"14568C>T","4332G>A",14,12.2810394610202,0.0568929088498377,0.595,"Not Significant","pathogenic"
"14568C>T","8969G>A",24,19.9037536092397,0.0812762548465061,0.21,"Not Significant","pathogenic"
"14568C>T","7510T>C",22,15.2454282964389,0.159283051125034,0.028,"Significant","pathogenic"
"14568C>T","5521G>A",8,5.08180943214629,0.197071612012191,0.138,"Not Significant","pathogenic"
"14568C>T","12147G>A",9,7.19923002887392,0.0969564591308339,0.455,"Not Significant","pathogenic"
"14568C>T","8340G>A",1,3.3878729547642,-0.529927115890343,0.165,"Not Significant","pathogenic"
"5650G>A","3243A>T",139,111.53416746872,0.0956068703582948,0.001,"Significant","pathogenic"
"5650G>A","9185T>C",145,125.936477382098,0.061216460917865,0.01,"Significant","pathogenic"
"5650G>A","12294G>A",42,25.7901828681424,0.211794868835365,0,"Significant","pathogenic"
"5650G>A","1494C>T",67,50.9104908565929,0.119267518366446,0.004,"Significant","pathogenic"
"5650G>A","11778G>A",54,58.614051973051,-0.0356079852526661,0.445,"Not Significant","pathogenic"
"5650G>A","3376G>A",35,48.9008662175168,-0.145248507823212,0.005,"Significant","pathogenic"
"5650G>A","8344A>G",55,49.2358036573629,0.0480816583565718,0.301,"Not Significant","pathogenic"
"5650G>A","13094T>C",55,53.9249278152069,0.00857311707297494,0.859,"Not Significant","pathogenic"
"5650G>A","13513G>A",29,44.2117420596728,-0.183139629695782,0.007,"Significant","pathogenic"
"5650G>A","15579A>G",59,54.5948026948989,0.0337007108487235,0.47,"Not Significant","pathogenic"
"5650G>A","583G>A",64,56.939364773821,0.0507673562161255,0.218,"Not Significant","pathogenic"
"5650G>A","10158T>C",60,43.2069297401347,0.14259784369471,0.003,"Significant","pathogenic"
"5650G>A","3635G>A",37,44.8816169393648,-0.0838667706870099,0.145,"Not Significant","pathogenic"
"5650G>A","3243A>G",47,37.8479307025987,0.0940557180626708,0.06,"Not Significant","pathogenic"
"5650G>A","13051G>A",59,58.948989412897,0.000375647438590289,1,"Not Significant","pathogenic"
"5650G>A","8363G>A",20,30.4793070259865,-0.182975093045769,0.019,"Significant","pathogenic"
"5650G>A","10191T>C",64,51.5803657362849,0.0936955567578572,0.029,"Significant","pathogenic"
"5650G>A","9176T>G",48,47.5611164581328,0.00398919660311886,1,"Not Significant","pathogenic"
"5650G>A","1555A>G",34,25.4552454282964,0.125701628371632,0.031,"Significant","pathogenic"
"5650G>A","14487T>C",31,34.4985563041386,-0.046439227260161,0.516,"Not Significant","pathogenic"
"5650G>A","3890G>A",32,32.4889316650626,-0.00658545233572194,1,"Not Significant","pathogenic"
"5650G>A","7511T>C",30,27.1299326275265,0.043672539451456,0.549,"Not Significant","pathogenic"
"5650G>A","3460G>A",40,30.4793070259865,0.118054902617126,0.033,"Significant","pathogenic"
"5650G>A","4450G>A",22,17.7516843118383,0.0931831148315413,0.236,"Not Significant","pathogenic"
"5650G>A","5703G>A",17,19.0914340712223,-0.0503896306833411,0.571,"Not Significant","pathogenic"
"5650G>A","14453G>A",21,21.7709335899904,-0.0156577582982666,0.888,"Not Significant","pathogenic"
"5650G>A","10663T>C",34,33.1588065447546,0.0108800260552693,0.909,"Not Significant","pathogenic"
"5650G>A","7497G>A",17,20.7661212704524,-0.0869064645089202,0.326,"Not Significant","pathogenic"
"5650G>A","3303C>T",16,18.4215591915303,-0.0612064032273657,0.532,"Not Significant","pathogenic"
"5650G>A","14459G>A",17,18.4215591915303,-0.0348774645051763,0.771,"Not Significant","pathogenic"
"5650G>A","9155A>G",23,24.4504331087584,-0.0265587204921546,0.799,"Not Significant","pathogenic"
"5650G>A","3280A>G",23,21.7709335899904,0.0238507829852271,0.781,"Not Significant","pathogenic"
"5650G>A","13379A>G",22,18.4215591915303,0.0770962949381755,0.326,"Not Significant","pathogenic"
"5650G>A","4332G>A",9,9.71318575553417,-0.0331191848486803,0.862,"Not Significant","pathogenic"
"5650G>A","8969G>A",17,15.7420596727623,0.0333873670529488,0.764,"Not Significant","pathogenic"
"5650G>A","7510T>C",15,12.0577478344562,0.094825061898284,0.371,"Not Significant","pathogenic"
"5650G>A","5521G>A",5,4.01924927815207,0.094825061896871,0.78,"Not Significant","pathogenic"
"5650G>A","12147G>A",4,5.6939364773821,-0.153352626436485,0.482,"Not Significant","pathogenic"
"5650G>A","8340G>A",1,2.67949951876805,-0.428053683354126,0.281,"Not Significant","pathogenic"
"3243A>T","9185T>C",138,120.508180943215,0.0588625555243873,0.018,"Significant","pathogenic"
"3243A>T","12294G>A",12,24.6785370548604,-0.31313816507214,0.001,"Significant","pathogenic"
"3243A>T","1494C>T",66,48.716073147257,0.13187166164772,0.003,"Significant","pathogenic"
"3243A>T","11778G>A",45,56.0875842155919,-0.0956542208599024,0.042,"Significant","pathogenic"
"3243A>T","3376G>A",32,46.7930702598653,-0.165031563413244,0.003,"Significant","pathogenic"
"3243A>T","8344A>G",62,47.1135707410972,0.119245668800714,0.009,"Significant","pathogenic"
"3243A>T","13094T>C",45,51.6005774783446,-0.059442048205525,0.241,"Not Significant","pathogenic"
"3243A>T","13513G>A",22,42.3060635226179,-0.283979936331839,0,"Significant","pathogenic"
"3243A>T","15579A>G",66,52.2415784408085,0.101527645188595,0.013,"Significant","pathogenic"
"3243A>T","583G>A",53,54.4850818094321,-0.012001737726605,0.851,"Not Significant","pathogenic"
"3243A>T","10158T>C",61,41.344562078922,0.168911438762037,0,"Significant","pathogenic"
"3243A>T","3635G>A",31,42.9470644850818,-0.141571790479288,0.03,"Significant","pathogenic"
"3243A>T","3243A>G",41,36.2165543792108,0.0538767272870335,0.351,"Not Significant","pathogenic"
"3243A>T","13051G>A",54,56.4080846968239,-0.0189475939402894,0.692,"Not Significant","pathogenic"
"3243A>T","8363G>A",12,29.1655437921078,-0.385688832220481,0,"Significant","pathogenic"
"3243A>T","10191T>C",67,49.3570741097209,0.132725395914989,0.002,"Significant","pathogenic"
"3243A>T","9176T>G",63,45.5110683349374,0.141223519121118,0.001,"Significant","pathogenic"
"3243A>T","1555A>G",27,24.3580365736285,0.0447214859288791,0.519,"Not Significant","pathogenic"
"3243A>T","14487T>C",37,33.0115495668912,0.0495358134125386,0.415,"Not Significant","pathogenic"
"3243A>T","3890G>A",37,31.0885466794995,0.0756013038513845,0.208,"Not Significant","pathogenic"
"3243A>T","7511T>C",26,25.9605389797883,0.000659643143023211,1,"Not Significant","pathogenic"
"3243A>T","3460G>A",36,29.1655437921078,0.0914324224967686,0.11,"Not Significant","pathogenic"
"3243A>T","4450G>A",14,16.9865255052935,-0.083976519871148,0.429,"Not Significant","pathogenic"
"3243A>T","5703G>A",13,18.2685274302214,-0.147760189313834,0.131,"Not Significant","pathogenic"
"3243A>T","14453G>A",18,20.832531280077,-0.063469537488364,0.486,"Not Significant","pathogenic"
"3243A>T","10663T>C",49,31.7295476419634,0.188732199481339,0,"Significant","pathogenic"
"3243A>T","7497G>A",17,19.8710298363811,-0.0677714540687533,0.49,"Not Significant","pathogenic"
"3243A>T","3303C>T",22,17.6275264677575,0.0962313053783303,0.24,"Not Significant","pathogenic"
"3243A>T","14459G>A",20,17.6275264677575,0.0548386202203027,0.579,"Not Significant","pathogenic"
"3243A>T","9155A>G",28,23.3965351299326,0.0780064852723157,0.237,"Not Significant","pathogenic"
"3243A>T","3280A>G",24,20.832531280077,0.0614691991193328,0.411,"Not Significant","pathogenic"
"3243A>T","13379A>G",20,17.6275264677575,0.0548386202203027,0.549,"Not Significant","pathogenic"
"3243A>T","4332G>A",10,9.29451395572666,0.0317733161515718,0.836,"Not Significant","pathogenic"
"3243A>T","8969G>A",23,15.0635226179018,0.183801292131738,0.021,"Significant","pathogenic"
"3243A>T","7510T>C",19,11.5380173243503,0.216622414234921,0.011,"Significant","pathogenic"
"3243A>T","5521G>A",6,3.84600577478345,0.193141318382823,0.213,"Not Significant","pathogenic"
"3243A>T","12147G>A",8,5.44850818094321,0.166812379661985,0.184,"Not Significant","pathogenic"
"3243A>T","8340G>A",2,2.56400384985563,-0.107888677272328,0.739,"Not Significant","pathogenic"
"9185T>C","12294G>A",35,27.8652550529355,0.0990050218069924,0.078,"Not Significant","pathogenic"
"9185T>C","1494C>T",64,55.0067372473532,0.0657640886685201,0.116,"Not Significant","pathogenic"
"9185T>C","11778G>A",62,63.330125120308,-0.00921865655850951,0.866,"Not Significant","pathogenic"
"9185T>C","3376G>A",52,52.8354186717998,-0.00692180952010841,0.924,"Not Significant","pathogenic"
"9185T>C","8344A>G",67,53.1973051010587,0.100185170581998,0.012,"Significant","pathogenic"
"9185T>C","13094T>C",71,58.2637151106833,0.0858601753166082,0.016,"Significant","pathogenic"
"9185T>C","13513G>A",38,47.7690086621752,-0.0993626319592897,0.069,"Not Significant","pathogenic"
"9185T>C","15579A>G",71,58.9874879692012,0.0804984469445093,0.046,"Significant","pathogenic"
"9185T>C","583G>A",65,61.5206929740135,0.0238921378940602,0.613,"Not Significant","pathogenic"
"9185T>C","10158T>C",57,46.6833493743985,0.0867128480025904,0.06,"Not Significant","pathogenic"
"9185T>C","3635G>A",57,48.492781520693,0.0701977599370665,0.106,"Not Significant","pathogenic"
"9185T>C","3243A>G",49,40.893166506256,0.0785453391744346,0.097,"Not Significant","pathogenic"
"9185T>C","13051G>A",81,63.6920115495669,0.104400053693871,0.003,"Significant","pathogenic"
"9185T>C","8363G>A",30,32.9316650625602,-0.040492434971786,0.55,"Not Significant","pathogenic"
"9185T>C","10191T>C",75,55.730510105871,0.128968245184553,0.001,"Significant","pathogenic"
"9185T>C","9176T>G",55,51.3878729547642,0.0295020477406482,0.532,"Not Significant","pathogenic"
"9185T>C","1555A>G",35,27.5033686236766,0.104682154698662,0.084,"Not Significant","pathogenic"
"9185T>C","14487T>C",47,37.274302213667,0.100688335859821,0.047,"Significant","pathogenic"
"9185T>C","3890G>A",41,35.1029836381136,0.067439825082829,0.219,"Not Significant","pathogenic"
"9185T>C","7511T>C",33,29.3128007699711,0.0514566236285886,0.381,"Not Significant","pathogenic"
"9185T>C","3460G>A",31,32.9316650625602,-0.0262519958572224,0.732,"Not Significant","pathogenic"
"9185T>C","4450G>A",20,19.1799807507218,0.0181818286926156,0.89,"Not Significant","pathogenic"
"9185T>C","5703G>A",17,20.6275264677575,-0.0839982316642518,0.328,"Not Significant","pathogenic"
"9185T>C","14453G>A",24,23.5226179018287,0.00872558769823003,1,"Not Significant","pathogenic"
"9185T>C","10663T>C",54,35.8267564966314,0.178186267854527,0,"Significant","pathogenic"
"9185T>C","7497G>A",19,22.436958614052,-0.0722103859155585,0.434,"Not Significant","pathogenic"
"9185T>C","3303C>T",21,19.9037536092397,0.0232843078690778,0.792,"Not Significant","pathogenic"
"9185T>C","14459G>A",29,19.9037536092397,0.163463011033544,0.01,"Significant","pathogenic"
"9185T>C","9155A>G",36,26.4177093358999,0.13440734327591,0.025,"Significant","pathogenic"
"9185T>C","3280A>G",26,23.5226179018287,0.0434876939573028,0.595,"Not Significant","pathogenic"
"9185T>C","13379A>G",20,19.9037536092397,0.00209500879924318,1,"Not Significant","pathogenic"
"9185T>C","4332G>A",10,10.4947064485082,-0.020970295269235,1,"Not Significant","pathogenic"
"9185T>C","8969G>A",20,17.0086621751684,0.0703598403573982,0.44,"Not Significant","pathogenic"
"9185T>C","7510T>C",18,13.0279114533205,0.140397706964614,0.105,"Not Significant","pathogenic"
"9185T>C","5521G>A",8,4.34263715110683,0.265336443569263,0.041,"Significant","pathogenic"
"9185T>C","12147G>A",8,6.15206929740135,0.114068768241555,0.451,"Not Significant","pathogenic"
"9185T>C","8340G>A",4,2.89509143407122,0.140397706961391,0.478,"Not Significant","pathogenic"
"12294G>A","1494C>T",9,11.264677574591,-0.097476256119782,0.495,"Not Significant","pathogenic"
"12294G>A","11778G>A",7,12.9692011549567,-0.267815186284487,0.103,"Not Significant","pathogenic"
"12294G>A","3376G>A",7,10.8200192492782,-0.189129993383294,0.24,"Not Significant","pathogenic"
"12294G>A","8344A>G",7,10.8941289701636,-0.192094472347006,0.211,"Not Significant","pathogenic"
"12294G>A","13094T>C",8,11.9316650625602,-0.173611066653422,0.238,"Not Significant","pathogenic"
"12294G>A","13513G>A",6,9.78248315688162,-0.212297858434712,0.215,"Not Significant","pathogenic"
"12294G>A","15579A>G",11,12.0798845043311,-0.0406700968606843,0.758,"Not Significant","pathogenic"
"12294G>A","583G>A",18,12.5986525505294,0.154948406108693,0.101,"Not Significant","pathogenic"
"12294G>A","10158T>C",9,9.56015399422522,-0.0262223784749459,0.85,"Not Significant","pathogenic"
"12294G>A","3635G>A",6,9.93070259865255,-0.218828725593604,0.198,"Not Significant","pathogenic"
"12294G>A","3243A>G",13,8.37439846005775,0.190989731206267,0.082,"Not Significant","pathogenic"
"12294G>A","13051G>A",8,13.0433108758422,-0.212297858435412,0.132,"Not Significant","pathogenic"
"12294G>A","8363G>A",6,6.74398460057748,-0.050765319551956,0.847,"Not Significant","pathogenic"
"12294G>A","10191T>C",14,11.4128970163619,0.0887321372257672,0.391,"Not Significant","pathogenic"
"12294G>A","9176T>G",7,10.5235803657363,-0.177065481982027,0.249,"Not Significant","pathogenic"
"12294G>A","1555A>G",5,5.63233878729548,-0.0517187655591019,0.84,"Not Significant","pathogenic"
"12294G>A","14487T>C",8,7.63330125120308,0.0203775846712061,1,"Not Significant","pathogenic"
"12294G>A","3890G>A",4,7.18864292589028,-0.254586920548771,0.22,"Not Significant","pathogenic"
"12294G>A","7511T>C",10,6.00288739172281,0.221639803503154,0.085,"Not Significant","pathogenic"
"12294G>A","3460G>A",7,6.74398460057748,0.0161814700776233,1,"Not Significant","pathogenic"
"12294G>A","4450G>A",3,3.92781520692974,-0.117029792493012,0.786,"Not Significant","pathogenic"
"12294G>A","5703G>A",6,4.22425409047161,0.152401217092805,0.42,"Not Significant","pathogenic"
"12294G>A","14453G>A",6,4.81713185755534,0.0953627161237061,0.613,"Not Significant","pathogenic"
"12294G>A","10663T>C",6,7.33686236766121,-0.0873591218278919,0.692,"Not Significant","pathogenic"
"12294G>A","7497G>A",8,4.59480269489894,0.240823119874362,0.133,"Not Significant","pathogenic"
"12294G>A","3303C>T",1,4.07603464870067,-0.610237867076774,0.123,"Not Significant","pathogenic"
"12294G>A","14459G>A",6,4.07603464870067,0.167913383270679,0.422,"Not Significant","pathogenic"
"12294G>A","9155A>G",7,5.41000962463908,0.111900002276673,0.472,"Not Significant","pathogenic"
"12294G>A","3280A>G",9,4.81713185755534,0.271453975176975,0.056,"Not Significant","pathogenic"
"12294G>A","13379A>G",1,4.07603464870067,-0.610237867076774,0.11,"Not Significant","pathogenic"
"12294G>A","4332G>A",1,2.14918190567854,-0.332273175491039,0.51,"Not Significant","pathogenic"
"12294G>A","8969G>A",5,3.48315688161694,0.156996968781214,0.39,"Not Significant","pathogenic"
"12294G>A","7510T>C",1,2.6679499518768,-0.42617767835544,0.39,"Not Significant","pathogenic"
"12294G>A","5521G>A",1,0.889316650625602,0.0509435763316655,1,"Not Significant","pathogenic"
"12294G>A","12147G>A",0,1.25986525505294,-10.100324099028,0.381,"Not Significant","pathogenic"
"12294G>A","8340G>A",1,0.592877767083734,0.227034835362929,1,"Not Significant","pathogenic"
"1494C>T","11778G>A",20,25.6015399422522,-0.107236093409433,0.209,"Not Significant","pathogenic"
"1494C>T","3376G>A",15,21.3589990375361,-0.153489637115489,0.13,"Not Significant","pathogenic"
"1494C>T","8344A>G",32,21.5052935514918,0.172604603183472,0.012,"Significant","pathogenic"
"1494C>T","13094T>C",19,23.553416746872,-0.0933003154661739,0.268,"Not Significant","pathogenic"
"1494C>T","13513G>A",15,19.3108758421559,-0.109710712537117,0.316,"Not Significant","pathogenic"
"1494C>T","15579A>G",26,23.8460057747834,0.0375577031791142,0.638,"Not Significant","pathogenic"
"1494C>T","583G>A",28,24.8700673724735,0.051481069576155,0.488,"Not Significant","pathogenic"
"1494C>T","10158T>C",27,18.8719923002887,0.15554601347145,0.035,"Significant","pathogenic"
"1494C>T","3635G>A",14,19.6034648700674,-0.146204803073278,0.166,"Not Significant","pathogenic"
"1494C>T","3243A>G",18,16.5312800769971,0.0369660212320768,0.781,"Not Significant","pathogenic"
"1494C>T","13051G>A",22,25.7478344562079,-0.0683180273792513,0.424,"Not Significant","pathogenic"
"1494C>T","8363G>A",9,13.3128007699711,-0.170026923267801,0.202,"Not Significant","pathogenic"
"1494C>T","10191T>C",22,22.5293551491819,-0.0103260804018056,0.895,"Not Significant","pathogenic"
"1494C>T","9176T>G",24,20.7738209817132,0.0626948569406734,0.415,"Not Significant","pathogenic"
"1494C>T","1555A>G",14,11.1183830606352,0.100086403009048,0.382,"Not Significant","pathogenic"
"1494C>T","14487T>C",20,15.0683349374398,0.122964730570503,0.178,"Not Significant","pathogenic"
"1494C>T","3890G>A",9,14.1905678537055,-0.19775726521275,0.12,"Not Significant","pathogenic"
"1494C>T","7511T>C",15,11.8498556304139,0.102378199788667,0.359,"Not Significant","pathogenic"
"1494C>T","3460G>A",15,13.3128007699711,0.0518218263466255,0.634,"Not Significant","pathogenic"
"1494C>T","4450G>A",6,7.75360923965351,-0.111352659603103,0.547,"Not Significant","pathogenic"
"1494C>T","5703G>A",5,8.33878729547642,-0.22213289172059,0.248,"Not Significant","pathogenic"
"1494C>T","14453G>A",8,9.50914340712223,-0.0750514100376456,0.595,"Not Significant","pathogenic"
"1494C>T","10663T>C",20,14.4831568816169,0.140166760678009,0.102,"Not Significant","pathogenic"
"1494C>T","7497G>A",13,9.07025986525505,0.15632362241954,0.188,"Not Significant","pathogenic"
"1494C>T","3303C>T",11,8.04619826756497,0.135801955274937,0.341,"Not Significant","pathogenic"
"1494C>T","14459G>A",11,8.04619826756497,0.135801955274937,0.342,"Not Significant","pathogenic"
"1494C>T","9155A>G",14,10.679499518768,0.117577135169222,0.309,"Not Significant","pathogenic"
"1494C>T","3280A>G",10,9.50914340712223,0.021858602969325,1,"Not Significant","pathogenic"
"1494C>T","13379A>G",5,8.04619826756497,-0.206620725542532,0.246,"Not Significant","pathogenic"
"1494C>T","4332G>A",2,4.24254090471607,-0.326596042611092,0.291,"Not Significant","pathogenic"
"1494C>T","8969G>A",7,6.87584215591915,0.00777214169083227,1,"Not Significant","pathogenic"
"1494C>T","7510T>C",5,5.26660250240616,-0.0225605368184238,1,"Not Significant","pathogenic"
"1494C>T","5521G>A",4,1.75553416746872,0.357650704878861,0.099,"Not Significant","pathogenic"
"1494C>T","12147G>A",0,2.48700673724735,-10.3956769617833,0.17,"Not Significant","pathogenic"
"1494C>T","8340G>A",1,1.17035611164581,-0.0683180273732172,1,"Not Significant","pathogenic"
"11778G>A","3376G>A",40,24.5909528392685,0.211284634413728,0.001,"Significant","pathogenic"
"11778G>A","8344A>G",25,24.7593840230991,0.00420017279472762,1,"Not Significant","pathogenic"
"11778G>A","13094T>C",44,27.1174205967276,0.210204299324606,0,"Significant","pathogenic"
"11778G>A","13513G>A",36,22.23291626564,0.209306068431573,0,"Significant","pathogenic"
"11778G>A","15579A>G",26,27.4542829643888,-0.0236367575621684,0.81,"Not Significant","pathogenic"
"11778G>A","583G>A",33,28.6333012512031,0.0616425173702959,0.354,"Not Significant","pathogenic"
"11778G>A","10158T>C",20,21.7276227141482,-0.0359822157642122,0.708,"Not Significant","pathogenic"
"11778G>A","3635G>A",39,22.5697786333013,0.237537307531764,0,"Significant","pathogenic"
"11778G>A","3243A>G",18,19.0327237728585,-0.0242284395090997,0.795,"Not Significant","pathogenic"
"11778G>A","13051G>A",39,29.6438883541867,0.119129438082881,0.046,"Significant","pathogenic"
"11778G>A","8363G>A",28,15.3272377285852,0.261694137890726,0,"Significant","pathogenic"
"11778G>A","10191T>C",21,25.9384023099134,-0.0917239272312671,0.3,"Not Significant","pathogenic"
"11778G>A","9176T>G",19,23.9172281039461,-0.0999572445588746,0.31,"Not Significant","pathogenic"
"11778G>A","1555A>G",13,12.8007699711261,0.00670725889687641,1,"Not Significant","pathogenic"
"11778G>A","14487T>C",14,17.3484119345525,-0.0931316901554524,0.407,"Not Significant","pathogenic"
"11778G>A","3890G>A",17,16.3378248315688,0.0172546859828086,0.887,"Not Significant","pathogenic"
"11778G>A","7511T>C",13,13.6429258902791,-0.0209641677007726,0.888,"Not Significant","pathogenic"
"11778G>A","3460G>A",19,15.3272377285852,0.0932897075020707,0.286,"Not Significant","pathogenic"
"11778G>A","4450G>A",14,8.92685274302214,0.195429664946569,0.065,"Not Significant","pathogenic"
"11778G>A","5703G>A",15,9.60057747834456,0.193793902252444,0.069,"Not Significant","pathogenic"
"11778G>A","14453G>A",17,10.9480269489894,0.191113063604889,0.041,"Significant","pathogenic"
"11778G>A","10663T>C",23,16.67468719923,0.13967014029021,0.094,"Not Significant","pathogenic"
"11778G>A","7497G>A",12,10.4427333974976,0.0603670554197143,0.589,"Not Significant","pathogenic"
"11778G>A","3303C>T",8,9.26371511068335,-0.0636952036306768,0.733,"Not Significant","pathogenic"
"11778G>A","14459G>A",6,9.26371511068335,-0.188633940237167,0.286,"Not Significant","pathogenic"
"11778G>A","9155A>G",11,12.2954764196343,-0.0483526760909319,0.746,"Not Significant","pathogenic"
"11778G>A","3280A>G",10,10.9480269489894,-0.0393358577715966,0.887,"Not Significant","pathogenic"
"11778G>A","13379A>G",6,9.26371511068335,-0.188633940237167,0.245,"Not Significant","pathogenic"
"11778G>A","4332G>A",7,4.88450433108758,0.156277540983497,0.308,"Not Significant","pathogenic"
"11778G>A","8969G>A",8,7.9162656400385,0.00456962792705164,1,"Not Significant","pathogenic"
"11778G>A","7510T>C",9,6.06352261790183,0.171517507540584,0.248,"Not Significant","pathogenic"
"11778G>A","5521G>A",5,2.02117420596728,0.393366257146476,0.026,"Significant","pathogenic"
"11778G>A","12147G>A",3,2.86333012512031,0.0202498322115806,1,"Not Significant","pathogenic"
"11778G>A","8340G>A",2,1.34744947064485,0.171517507532404,0.647,"Not Significant","pathogenic"
"3376G>A","8344A>G",18,20.6564003849856,-0.0597821378718195,0.533,"Not Significant","pathogenic"
"3376G>A","13094T>C",34,22.623676612127,0.176915732782503,0.006,"Significant","pathogenic"
"3376G>A","13513G>A",38,18.548604427334,0.311472357182502,0,"Significant","pathogenic"
"3376G>A","15579A>G",22,22.9047160731473,-0.0175022318089334,0.903,"Not Significant","pathogenic"
"3376G>A","583G>A",30,23.888354186718,0.0989350251137584,0.144,"Not Significant","pathogenic"
"3376G>A","10158T>C",15,18.1270452358037,-0.082235759470328,0.438,"Not Significant","pathogenic"
"3376G>A","3635G>A",33,18.8296438883542,0.24367183328483,0,"Significant","pathogenic"
"3376G>A","3243A>G",18,15.878729547642,0.0544567533923043,0.562,"Not Significant","pathogenic"
"3376G>A","13051G>A",32,24.7314725697786,0.111900002278098,0.099,"Not Significant","pathogenic"
"3376G>A","8363G>A",30,12.7872954764196,0.37034255416936,0,"Significant","pathogenic"
"3376G>A","10191T>C",25,21.6400384985563,0.062681979608045,0.44,"Not Significant","pathogenic"
"3376G>A","9176T>G",15,19.953801732435,-0.123934393553916,0.23,"Not Significant","pathogenic"
"3376G>A","1555A>G",14,10.679499518768,0.117577135169222,0.311,"Not Significant","pathogenic"
"3376G>A","14487T>C",13,14.4735322425409,-0.046631180625255,0.753,"Not Significant","pathogenic"
"3376G>A","3890G>A",16,13.6304138594803,0.0696109401619483,0.555,"Not Significant","pathogenic"
"3376G>A","7511T>C",11,11.3820981713186,-0.0148296419475519,1,"Not Significant","pathogenic"
"3376G>A","3460G>A",13,12.7872954764196,0.00716465175842789,1,"Not Significant","pathogenic"
"3376G>A","4450G>A",9,7.44754571703561,0.0822293316102702,0.534,"Not Significant","pathogenic"
"3376G>A","5703G>A",16,8.00962463907604,0.300507818753466,0.003,"Significant","pathogenic"
"3376G>A","14453G>A",14,9.13378248315688,0.18547737080647,0.102,"Not Significant","pathogenic"
"3376G>A","10663T>C",20,13.9114533205005,0.157657492838221,0.071,"Not Significant","pathogenic"
"3376G>A","7497G>A",11,8.71222329162656,0.101263687431675,0.468,"Not Significant","pathogenic"
"3376G>A","3303C>T",4,7.72858517805582,-0.286040006388303,0.163,"Not Significant","pathogenic"
"3376G>A","14459G>A",12,7.72858517805582,0.191081248324121,0.122,"Not Significant","pathogenic"
"3376G>A","9155A>G",9,10.2579403272377,-0.056817658907799,0.729,"Not Significant","pathogenic"
"3376G>A","3280A>G",11,9.13378248315688,0.080742020287303,0.593,"Not Significant","pathogenic"
"3376G>A","13379A>G",7,7.72858517805582,-0.0430019577066619,0.831,"Not Significant","pathogenic"
"3376G>A","4332G>A",9,4.07507218479307,0.344107203307277,0.01,"Significant","pathogenic"
"3376G>A","8969G>A",5,6.60442733397498,-0.120865161824848,0.527,"Not Significant","pathogenic"
"3376G>A","7510T>C",2,5.05871029836381,-0.403009813317436,0.148,"Not Significant","pathogenic"
"3376G>A","5521G>A",3,1.68623676612127,0.250202700433499,0.383,"Not Significant","pathogenic"
"3376G>A","12147G>A",3,2.3888354186718,0.0989350251104251,0.754,"Not Significant","pathogenic"
"3376G>A","8340G>A",0,1.12415784408085,-10.0508272952578,0.39,"Not Significant","pathogenic"
"8344A>G","13094T>C",25,22.7786333012512,0.0404123454490198,0.608,"Not Significant","pathogenic"
"8344A>G","13513G>A",13,18.6756496631376,-0.157332366088997,0.15,"Not Significant","pathogenic"
"8344A>G","15579A>G",36,23.0615976900866,0.193413109171654,0.002,"Significant","pathogenic"
"8344A>G","583G>A",25,24.0519730510106,0.0167893001026965,0.906,"Not Significant","pathogenic"
"8344A>G","10158T>C",21,18.2512030798845,0.0609277972433602,0.508,"Not Significant","pathogenic"
"8344A>G","3635G>A",16,18.9586140519731,-0.073686602899458,0.496,"Not Significant","pathogenic"
"8344A>G","3243A>G",23,15.9874879692012,0.157947605342346,0.048,"Significant","pathogenic"
"8344A>G","13051G>A",25,24.9008662175168,0.00172555366688213,1,"Not Significant","pathogenic"
"8344A>G","8363G>A",4,12.8748796920116,-0.507683188176646,0.006,"Significant","pathogenic"
"8344A>G","10191T>C",26,21.7882579403272,0.0767508399430333,0.334,"Not Significant","pathogenic"
"8344A>G","9176T>G",23,20.0904716073147,0.0587377044432643,0.53,"Not Significant","pathogenic"
"8344A>G","1555A>G",9,10.7526467757459,-0.0772728700316787,0.608,"Not Significant","pathogenic"
"8344A>G","14487T>C",18,14.5726660250241,0.0917334932065676,0.378,"Not Significant","pathogenic"
"8344A>G","3890G>A",8,13.7237728585178,-0.234383534463036,0.094,"Not Significant","pathogenic"
"8344A>G","7511T>C",17,11.4600577478345,0.17126211530739,0.059,"Not Significant","pathogenic"
"8344A>G","3460G>A",15,12.8748796920116,0.066348079543111,0.524,"Not Significant","pathogenic"
"8344A>G","4450G>A",7,7.4985563041386,-0.0298796167771184,1,"Not Significant","pathogenic"
"8344A>G","5703G>A",5,8.06448508180943,-0.207606638524171,0.261,"Not Significant","pathogenic"
"8344A>G","14453G>A",8,9.19634263715111,-0.0605251568412046,0.738,"Not Significant","pathogenic"
"8344A>G","10663T>C",17,14.0067372473532,0.0841119395891793,0.42,"Not Significant","pathogenic"
"8344A>G","7497G>A",7,8.77189605389798,-0.0979954366737425,0.59,"Not Significant","pathogenic"
"8344A>G","3303C>T",12,7.78152069297401,0.18811676936042,0.126,"Not Significant","pathogenic"
"8344A>G","14459G>A",8,7.78152069297401,0.0120255103065487,1,"Not Significant","pathogenic"
"8344A>G","9155A>G",9,10.3282001924928,-0.0597821378715092,0.734,"Not Significant","pathogenic"
"8344A>G","3280A>G",11,9.19634263715111,0.0777775413235964,0.547,"Not Significant","pathogenic"
"8344A>G","13379A>G",9,7.78152069297401,0.0631780327533267,0.688,"Not Significant","pathogenic"
"8344A>G","4332G>A",3,4.10298363811357,-0.135978530366401,0.62,"Not Significant","pathogenic"
"8344A>G","8969G>A",8,6.64966313763234,0.080290341864125,0.661,"Not Significant","pathogenic"
"8344A>G","7510T>C",9,5.09335899903754,0.247238221477338,0.071,"Not Significant","pathogenic"
"8344A>G","5521G>A",3,1.69778633301251,0.247238221469935,0.403,"Not Significant","pathogenic"
"8344A>G","12147G>A",1,2.40519730510106,-0.3811507085439,0.485,"Not Significant","pathogenic"
"8344A>G","8340G>A",0,1.13185755534167,-10.0537917742213,0.39,"Not Significant","pathogenic"
"13094T>C","13513G>A",35,20.4542829643888,0.233283784668871,0,"Significant","pathogenic"
"13094T>C","15579A>G",27,25.2579403272377,0.0289658312802463,0.708,"Not Significant","pathogenic"
"13094T>C","583G>A",34,26.3426371511068,0.110819667188938,0.084,"Not Significant","pathogenic"
"13094T>C","10158T>C",16,19.9894128970164,-0.0966800561174548,0.374,"Not Significant","pathogenic"
"13094T>C","3635G>A",33,20.7641963426371,0.201198813037632,0.001,"Significant","pathogenic"
"13094T>C","3243A>G",21,17.5101058710298,0.0789305227754151,0.402,"Not Significant","pathogenic"
"13094T>C","13051G>A",34,27.2723772858518,0.095755920753118,0.127,"Not Significant","pathogenic"
"13094T>C","8363G>A",26,14.1010587102984,0.265721627173643,0.001,"Significant","pathogenic"
"13094T>C","10191T>C",20,23.8633301251203,-0.0767010536468026,0.428,"Not Significant","pathogenic"
"13094T>C","9176T>G",21,22.0038498556304,-0.0202793781237151,0.81,"Not Significant","pathogenic"
"13094T>C","1555A>G",17,11.776708373436,0.159425000621677,0.107,"Not Significant","pathogenic"
"13094T>C","14487T>C",20,15.9605389797883,0.0979824424835872,0.233,"Not Significant","pathogenic"
"13094T>C","3890G>A",15,15.0307988450433,-0.00089080368522993,1,"Not Significant","pathogenic"
"13094T>C","7511T>C",15,12.5514918190568,0.0773959117017944,0.493,"Not Significant","pathogenic"
"13094T>C","3460G>A",13,14.1010587102984,-0.0353083684886682,0.765,"Not Significant","pathogenic"
"13094T>C","4450G>A",7,8.21270452358037,-0.0693881580602883,0.693,"Not Significant","pathogenic"
"13094T>C","5703G>A",10,8.832531280077,0.0539148158522622,0.722,"Not Significant","pathogenic"
"13094T>C","14453G>A",15,10.0721847930703,0.172967573936737,0.092,"Not Significant","pathogenic"
"13094T>C","10663T>C",13,15.3407122232916,-0.0719021707648757,0.569,"Not Significant","pathogenic"
"13094T>C","7497G>A",12,9.60731472569779,0.0965792280737973,0.452,"Not Significant","pathogenic"
"13094T>C","3303C>T",6,8.52261790182868,-0.15242176758313,0.344,"Not Significant","pathogenic"
"13094T>C","14459G>A",9,8.52261790182868,0.0236694914701385,1,"Not Significant","pathogenic"
"13094T>C","9155A>G",11,11.3118383060635,-0.0121405034367943,1,"Not Significant","pathogenic"
"13094T>C","3280A>G",4,10.0721847930703,-0.40106369378302,0.03,"Significant","pathogenic"
"13094T>C","13379A>G",8,8.52261790182868,-0.0274830309766396,0.863,"Not Significant","pathogenic"
"13094T>C","4332G>A",7,4.49374398460058,0.192489713637168,0.206,"Not Significant","pathogenic"
"13094T>C","8969G>A",5,7.28296438883542,-0.163338182071648,0.405,"Not Significant","pathogenic"
"13094T>C","7510T>C",4,5.57844080846968,-0.144452837910925,0.512,"Not Significant","pathogenic"
"13094T>C","5521G>A",2,1.85948026948989,0.0316384211400432,1,"Not Significant","pathogenic"
"13094T>C","12147G>A",4,2.63426371511068,0.181400741469387,0.494,"Not Significant","pathogenic"
"13094T>C","8340G>A",1,1.23965351299326,-0.09330031545822,1,"Not Significant","pathogenic"
"13513G>A","15579A>G",17,20.7083734359962,-0.085697066673899,0.363,"Not Significant","pathogenic"
"13513G>A","583G>A",27,21.5976900866218,0.0969564591316385,0.227,"Not Significant","pathogenic"
"13513G>A","10158T>C",20,16.3888354186718,0.0864819017155813,0.338,"Not Significant","pathogenic"
"13513G>A","3635G>A",34,17.0240615976901,0.300415735027501,0,"Significant","pathogenic"
"13513G>A","3243A>G",10,14.3561116458133,-0.157036827130774,0.216,"Not Significant","pathogenic"
"13513G>A","13051G>A",35,22.3599615014437,0.194596992886752,0.001,"Significant","pathogenic"
"13513G>A","8363G>A",19,11.5611164581328,0.215753824981592,0.014,"Significant","pathogenic"
"13513G>A","10191T>C",23,19.5649663137632,0.0702487315321258,0.413,"Not Significant","pathogenic"
"13513G>A","9176T>G",14,18.0404234841193,-0.110118692352796,0.279,"Not Significant","pathogenic"
"13513G>A","1555A>G",10,9.65543792107796,0.0152280240703812,1,"Not Significant","pathogenic"
"13513G>A","14487T>C",17,13.0856592877767,0.113653313023665,0.285,"Not Significant","pathogenic"
"13513G>A","3890G>A",17,12.3233878729548,0.139718803462387,0.162,"Not Significant","pathogenic"
"13513G>A","7511T>C",11,10.2906641000962,0.0289492826306306,0.872,"Not Significant","pathogenic"
"13513G>A","3460G>A",9,11.5611164581328,-0.108757266529372,0.399,"Not Significant","pathogenic"
"13513G>A","4450G>A",7,6.73339749759384,0.0168637867645497,1,"Not Significant","pathogenic"
"13513G>A","5703G>A",10,7.24157844080847,0.140166760677182,0.292,"Not Significant","pathogenic"
"13513G>A","14453G>A",10,8.25794032723773,0.0831282597075557,0.588,"Not Significant","pathogenic"
"13513G>A","10663T>C",11,12.5774783445621,-0.0582008930875021,0.658,"Not Significant","pathogenic"
"13513G>A","7497G>A",16,7.87680461982676,0.307769909506199,0.005,"Significant","pathogenic"
"13513G>A","3303C>T",8,6.98748796920116,0.0587689138482406,0.675,"Not Significant","pathogenic"
"13513G>A","14459G>A",11,6.98748796920116,0.197071612013041,0.102,"Not Significant","pathogenic"
"13513G>A","9155A>G",11,9.27430221366699,0.074111441388362,0.574,"Not Significant","pathogenic"
"13513G>A","3280A>G",11,8.25794032723773,0.124520944865386,0.324,"Not Significant","pathogenic"
"13513G>A","13379A>G",9,6.98748796920116,0.109921436295019,0.408,"Not Significant","pathogenic"
"13513G>A","4332G>A",6,3.68431183830606,0.211794868831466,0.239,"Not Significant","pathogenic"
"13513G>A","8969G>A",8,5.9711260827719,0.127033745405709,0.365,"Not Significant","pathogenic"
"13513G>A","7510T>C",5,4.57362848893167,0.0387091199192493,1,"Not Significant","pathogenic"
"13513G>A","5521G>A",1,1.52454282964389,-0.183139629681355,0.744,"Not Significant","pathogenic"
"13513G>A","12147G>A",1,2.15976900866218,-0.334407305003625,0.489,"Not Significant","pathogenic"
"13513G>A","8340G>A",1,1.01636188642926,-0.00704837063991694,1,"Not Significant","pathogenic"
"15579A>G","583G>A",37,26.669874879692,0.142180745841486,0.023,"Significant","pathogenic"
"15579A>G","10158T>C",33,20.2377285851781,0.212352172731028,0.002,"Significant","pathogenic"
"15579A>G","3635G>A",25,21.0221366698749,0.0752631534601208,0.378,"Not Significant","pathogenic"
"15579A>G","3243A>G",23,17.7276227141482,0.113077335686831,0.166,"Not Significant","pathogenic"
"15579A>G","13051G>A",28,27.6111645813282,0.00607330668126715,1,"Not Significant","pathogenic"
"15579A>G","8363G>A",19,14.2762271414822,0.124140151784199,0.183,"Not Significant","pathogenic"
"15579A>G","10191T>C",30,24.1597690086622,0.094028477036069,0.195,"Not Significant","pathogenic"
"15579A>G","9176T>G",37,22.2771896053898,0.220341322836382,0.002,"Significant","pathogenic"
"15579A>G","1555A>G",11,11.9230028873917,-0.034992963969041,0.868,"Not Significant","pathogenic"
"15579A>G","14487T>C",18,16.1588065447546,0.0468632235510785,0.691,"Not Significant","pathogenic"
"15579A>G","3890G>A",16,15.2175168431184,0.0217761915427599,0.889,"Not Significant","pathogenic"
"15579A>G","7511T>C",17,12.7074109720885,0.126391845651981,0.178,"Not Significant","pathogenic"
"15579A>G","3460G>A",14,14.2762271414822,-0.00848541348957594,1,"Not Significant","pathogenic"
"15579A>G","4450G>A",7,8.31472569778633,-0.0747498864323317,0.685,"Not Significant","pathogenic"
"15579A>G","5703G>A",11,8.94225216554379,0.0899457726380446,0.45,"Not Significant","pathogenic"
"15579A>G","14453G>A",11,10.1973051010587,0.0329072716682781,0.849,"Not Significant","pathogenic"
"15579A>G","10663T>C",19,15.5312800769971,0.0875463495079881,0.401,"Not Significant","pathogenic"
"15579A>G","7497G>A",9,9.72666025024062,-0.033721236905349,0.866,"Not Significant","pathogenic"
"15579A>G","3303C>T",14,8.62848893166506,0.210193289335283,0.051,"Not Significant","pathogenic"
"15579A>G","14459G>A",12,8.62848893166506,0.143246499705186,0.26,"Not Significant","pathogenic"
"15579A>G","9155A>G",15,11.4523580365736,0.117196342087548,0.257,"Not Significant","pathogenic"
"15579A>G","3280A>G",15,10.1973051010587,0.167605845564681,0.109,"Not Significant","pathogenic"
"15579A>G","13379A>G",10,8.62848893166506,0.0640652536582854,0.721,"Not Significant","pathogenic"
"15579A>G","4332G>A",8,4.54956689124158,0.24511993224209,0.102,"Not Significant","pathogenic"
"15579A>G","8969G>A",10,7.37343599615014,0.132330085215955,0.312,"Not Significant","pathogenic"
"15579A>G","7510T>C",7,5.64773820981713,0.0932234823987037,0.642,"Not Significant","pathogenic"
"15579A>G","5521G>A",0,1.88257940327238,-10.2747533029175,0.218,"Not Significant","pathogenic"
"15579A>G","12147G>A",5,2.6669874879692,0.272949026103366,0.16,"Not Significant","pathogenic"
"15579A>G","8340G>A",2,1.25505293551492,0.202367951812368,0.608,"Not Significant","pathogenic"
"583G>A","10158T>C",19,21.106833493744,-0.0456694831672884,0.61,"Not Significant","pathogenic"
"583G>A","3635G>A",26,21.9249278152069,0.0740351757846034,0.324,"Not Significant","pathogenic"
"583G>A","3243A>G",27,18.4889316650626,0.164451946853731,0.023,"Significant","pathogenic"
"583G>A","13051G>A",35,28.7969201154957,0.084722002714762,0.178,"Not Significant","pathogenic"
"583G>A","8363G>A",20,14.8893166506256,0.128155229521046,0.154,"Not Significant","pathogenic"
"583G>A","10191T>C",18,25.1973051010587,-0.146081589553565,0.106,"Not Significant","pathogenic"
"583G>A","9176T>G",36,23.2338787295476,0.190180782562471,0.002,"Significant","pathogenic"
"583G>A","1555A>G",11,12.4350336862368,-0.0532542809432072,0.755,"Not Significant","pathogenic"
"583G>A","14487T>C",23,16.8527430221367,0.135057237490635,0.083,"Not Significant","pathogenic"
"583G>A","3890G>A",14,15.8710298363811,-0.0544770724087377,0.644,"Not Significant","pathogenic"
"583G>A","7511T>C",12,13.2531280076997,-0.0431371466517793,0.779,"Not Significant","pathogenic"
"583G>A","3460G>A",20,14.8893166506256,0.128155229521046,0.136,"Not Significant","pathogenic"
"583G>A","4450G>A",11,8.67179980750722,0.103283441735279,0.426,"Not Significant","pathogenic"
"583G>A","5703G>A",9,9.32627526467757,-0.0154657200540942,1,"Not Significant","pathogenic"
"583G>A","14453G>A",16,10.6352261790183,0.177373252190603,0.086,"Not Significant","pathogenic"
"583G>A","10663T>C",22,16.1982675649663,0.132954112402853,0.12,"Not Significant","pathogenic"
"583G>A","7497G>A",12,10.1443695861405,0.0729561827276124,0.598,"Not Significant","pathogenic"
"583G>A","3303C>T",12,8.9990375360924,0.124985182731078,0.266,"Not Significant","pathogenic"
"583G>A","14459G>A",9,8.9990375360924,4.64461239838921e-05,1,"Not Significant","pathogenic"
"583G>A","9155A>G",13,11.944177093359,0.036787118364989,0.733,"Not Significant","pathogenic"
"583G>A","3280A>G",8,10.6352261790183,-0.123656743470663,0.374,"Not Significant","pathogenic"
"583G>A","13379A>G",11,8.9990375360924,0.0871966218420067,0.452,"Not Significant","pathogenic"
"583G>A","4332G>A",5,4.74494706448508,0.0227386326154993,1,"Not Significant","pathogenic"
"583G>A","8969G>A",5,7.69008662175168,-0.186961227417757,0.32,"Not Significant","pathogenic"
"583G>A","7510T>C",6,5.8902791145332,0.00801537579512501,1,"Not Significant","pathogenic"
"583G>A","5521G>A",2,1.96342637151107,0.0080153757948554,1,"Not Significant","pathogenic"
"583G>A","12147G>A",1,2.78152069297401,-0.444282295171555,0.318,"Not Significant","pathogenic"
"583G>A","8340G>A",3,1.30895091434071,0.36019789388792,0.126,"Not Significant","pathogenic"
"10158T>C","3635G>A",12,16.6371511068335,-0.141897715058245,0.214,"Not Significant","pathogenic"
"10158T>C","3243A>G",15,14.0298363811357,0.0290386528299897,0.88,"Not Significant","pathogenic"
"10158T>C","13051G>A",17,21.8517805582291,-0.10903790917738,0.25,"Not Significant","pathogenic"
"10158T>C","8363G>A",9,11.2983638113571,-0.0987730456228587,0.496,"Not Significant","pathogenic"
"10158T>C","10191T>C",24,19.1203079884504,0.0987163581326095,0.226,"Not Significant","pathogenic"
"10158T>C","9176T>G",20,17.6304138594803,0.0547674885385613,0.601,"Not Significant","pathogenic"
"10158T>C","1555A>G",10,9.43599615014437,0.0252122449768775,0.855,"Not Significant","pathogenic"
"10158T>C","14487T>C",16,12.7882579403272,0.0973085952079993,0.342,"Not Significant","pathogenic"
"10158T>C","3890G>A",15,12.0433108758422,0.095345362046654,0.386,"Not Significant","pathogenic"
"10158T>C","7511T>C",10,10.0567853705486,-0.00245918162069681,1,"Not Significant","pathogenic"
"10158T>C","3460G>A",17,11.2983638113571,0.17743336631382,0.072,"Not Significant","pathogenic"
"10158T>C","4450G>A",6,6.58036573628489,-0.0400987819585786,0.842,"Not Significant","pathogenic"
"10158T>C","5703G>A",6,7.07699711260828,-0.0716977680298178,0.677,"Not Significant","pathogenic"
"10158T>C","14453G>A",7,8.07025986525505,-0.0617894793698475,0.71,"Not Significant","pathogenic"
"10158T>C","10663T>C",21,12.2916265640039,0.232609937392833,0.012,"Significant","pathogenic"
"10158T>C","7497G>A",12,7.69778633301251,0.192815393805277,0.098,"Not Significant","pathogenic"
"10158T>C","3303C>T",6,6.82868142444658,-0.0561856018517934,0.835,"Not Significant","pathogenic"
"10158T>C","14459G>A",9,6.82868142444658,0.119905657201475,0.39,"Not Significant","pathogenic"
"10158T>C","9155A>G",12,9.06352261790183,0.121884223183925,0.386,"Not Significant","pathogenic"
"10158T>C","3280A>G",12,8.07025986525505,0.172293726660935,0.189,"Not Significant","pathogenic"
"10158T>C","13379A>G",15,6.82868142444658,0.341754406815901,0.005,"Significant","pathogenic"
"10158T>C","4332G>A",6,3.60057747834456,0.221779089737793,0.245,"Not Significant","pathogenic"
"10158T>C","8969G>A",9,5.83541867179981,0.188170488758919,0.167,"Not Significant","pathogenic"
"10158T>C","7510T>C",3,4.46968238691049,-0.173155408784936,0.621,"Not Significant","pathogenic"
"10158T>C","5521G>A",4,1.48989412897016,0.428904582519974,0.057,"Not Significant","pathogenic"
"10158T>C","12147G>A",4,2.1106833493744,0.277636907197898,0.246,"Not Significant","pathogenic"
"10158T>C","8340G>A",1,0.993262752646776,0.00293585026569024,1,"Not Significant","pathogenic"
"3635G>A","3243A>G",18,14.5736284889317,0.0917048108116888,0.391,"Not Significant","pathogenic"
"3635G>A","13051G>A",27,22.6987487969201,0.0753618455369025,0.317,"Not Significant","pathogenic"
"3635G>A","8363G>A",24,11.7362848893167,0.310680598580991,0.001,"Significant","pathogenic"
"3635G>A","10191T>C",22,19.8614051973051,0.0444127091779003,0.611,"Not Significant","pathogenic"
"3635G>A","9176T>G",16,18.3137632338787,-0.058657612534419,0.583,"Not Significant","pathogenic"
"3635G>A","1555A>G",16,9.80173243503368,0.212817139565787,0.036,"Significant","pathogenic"
"3635G>A","14487T>C",12,13.283926852743,-0.0441452294648278,0.766,"Not Significant","pathogenic"
"3635G>A","3890G>A",19,12.5101058710298,0.181492615877768,0.049,"Significant","pathogenic"
"3635G>A","7511T>C",15,10.446583253128,0.157116989368139,0.119,"Not Significant","pathogenic"
"3635G>A","3460G>A",16,11.7362848893167,0.134589339526215,0.17,"Not Significant","pathogenic"
"3635G>A","4450G>A",9,6.83541867179981,0.119477389029378,0.399,"Not Significant","pathogenic"
"3635G>A","5703G>A",12,7.35129932627526,0.212817139565215,0.068,"Not Significant","pathogenic"
"3635G>A","14453G>A",14,8.38306063522618,0.222725428225674,0.046,"Significant","pathogenic"
"3635G>A","10663T>C",15,12.7680461982676,0.069966813649995,0.516,"Not Significant","pathogenic"
"3635G>A","7497G>A",15,7.99615014436959,0.273210318747261,0.011,"Significant","pathogenic"
"3635G>A","3303C>T",10,7.09335899903754,0.149148059696346,0.281,"Not Significant","pathogenic"
"3635G>A","14459G>A",10,7.09335899903754,0.149148059696346,0.293,"Not Significant","pathogenic"
"3635G>A","9155A>G",6,9.41482194417709,-0.195660860541817,0.269,"Not Significant","pathogenic"
"3635G>A","3280A>G",6,8.38306063522618,-0.145251357064785,0.43,"Not Significant","pathogenic"
"3635G>A","13379A>G",10,7.09335899903754,0.149148059696346,0.309,"Not Significant","pathogenic"
"3635G>A","4332G>A",5,3.74013474494706,0.126082755626507,0.579,"Not Significant","pathogenic"
"3635G>A","8969G>A",6,6.06159769008662,-0.00443585835963046,1,"Not Significant","pathogenic"
"3635G>A","7510T>C",3,4.64292589027911,-0.189670496850132,0.476,"Not Significant","pathogenic"
"3635G>A","5521G>A",3,1.54764196342637,0.287450757850822,0.384,"Not Significant","pathogenic"
"3635G>A","12147G>A",0,2.19249278152069,-10.3409381722057,0.142,"Not Significant","pathogenic"
"3635G>A","8340G>A",1,1.03176130895091,-0.0135792377982369,1,"Not Significant","pathogenic"
"3243A>G","13051G>A",23,19.1414821944177,0.0797522722768201,0.327,"Not Significant","pathogenic"
"3243A>G","8363G>A",13,9.89701636188643,0.118439064058453,0.295,"Not Significant","pathogenic"
"3243A>G","10191T>C",24,16.7487969201155,0.156227624948117,0.043,"Significant","pathogenic"
"3243A>G","9176T>G",25,15.4436958614052,0.209188768361664,0.006,"Significant","pathogenic"
"3243A>G","1555A>G",15,8.26564003849856,0.258814770846289,0.009,"Significant","pathogenic"
"3243A>G","14487T>C",12,11.2021174205967,0.0298811254159525,0.858,"Not Significant","pathogenic"
"3243A>G","3890G>A",12,10.5495668912416,0.05594661585464,0.752,"Not Significant","pathogenic"
"3243A>G","7511T>C",13,8.80943214629452,0.168995437500355,0.117,"Not Significant","pathogenic"
"3243A>G","3460G>A",15,9.89701636188643,0.180586970806853,0.074,"Not Significant","pathogenic"
"3243A>G","4450G>A",8,5.76419634263715,0.142351221462807,0.382,"Not Significant","pathogenic"
"3243A>G","5703G>A",7,6.19923002887392,0.0527602884147217,0.82,"Not Significant","pathogenic"
"3243A>G","14453G>A",9,7.06929740134745,0.104866256868909,0.53,"Not Significant","pathogenic"
"3243A>G","10663T>C",11,10.76708373436,0.00929459463434746,1,"Not Significant","pathogenic"
"3243A>G","7497G>A",7,6.74302213666988,0.0162434545895242,1,"Not Significant","pathogenic"
"3243A>G","3303C>T",8,5.98171318575553,0.126264401569626,0.369,"Not Significant","pathogenic"
"3243A>G","14459G>A",6,5.98171318575553,0.00132566496313539,1,"Not Significant","pathogenic"
"3243A>G","9155A>G",8,7.93936477382098,0.00330423094520382,1,"Not Significant","pathogenic"
"3243A>G","3280A>G",8,7.06929740134745,0.053713734422131,0.841,"Not Significant","pathogenic"
"3243A>G","13379A>G",9,5.98171318575553,0.177416924016404,0.181,"Not Significant","pathogenic"
"3243A>G","4332G>A",5,3.15399422521655,0.200109110505737,0.352,"Not Significant","pathogenic"
"3243A>G","8969G>A",5,5.111645813282,-0.00959074952575124,1,"Not Significant","pathogenic"
"3243A>G","7510T>C",5,3.9153031761309,0.106204607640083,0.581,"Not Significant","pathogenic"
"3243A>G","5521G>A",2,1.3051010587103,0.185385853678552,0.637,"Not Significant","pathogenic"
"3243A>G","12147G>A",1,1.84889316650626,-0.266911817284576,0.716,"Not Significant","pathogenic"
"3243A>G","8340G>A",0,0.870067372473532,-9.9395528829681,0.606,"Not Significant","pathogenic"
"13051G>A","8363G>A",20,15.4148219441771,0.113091483085269,0.19,"Not Significant","pathogenic"
"13051G>A","10191T>C",34,26.0866217516843,0.115061075948432,0.088,"Not Significant","pathogenic"
"13051G>A","9176T>G",31,24.0538979788258,0.110176229193839,0.1,"Not Significant","pathogenic"
"13051G>A","1555A>G",15,12.8739172281039,0.0663805465174395,0.501,"Not Significant","pathogenic"
"13051G>A","14487T>C",18,17.4475457170356,0.0135381601410851,0.872,"Not Significant","pathogenic"
"13051G>A","3890G>A",24,16.4311838306064,0.164542387187555,0.036,"Significant","pathogenic"
"13051G>A","7511T>C",18,13.720885466795,0.117890365966931,0.213,"Not Significant","pathogenic"
"13051G>A","3460G>A",15,15.4148219441771,-0.0118472535223068,1,"Not Significant","pathogenic"
"13051G>A","4450G>A",12,8.97786333012512,0.126008256188645,0.236,"Not Significant","pathogenic"
"13051G>A","5703G>A",12,9.65543792107796,0.0944092701172822,0.454,"Not Significant","pathogenic"
"13051G>A","14453G>A",13,11.0105871029836,0.0721328754064051,0.616,"Not Significant","pathogenic"
"13051G>A","10663T>C",19,16.7699711260828,0.0542212860980028,0.557,"Not Significant","pathogenic"
"13051G>A","7497G>A",10,10.502406159769,-0.0212888097550185,0.883,"Not Significant","pathogenic"
"13051G>A","3303C>T",9,9.31665062560154,-0.0150173003117274,1,"Not Significant","pathogenic"
"13051G>A","14459G>A",13,9.31665062560154,0.1446835425543,0.205,"Not Significant","pathogenic"
"13051G>A","9155A>G",13,12.3657362848893,0.0217233719292371,0.87,"Not Significant","pathogenic"
"13051G>A","3280A>G",13,11.0105871029836,0.0721328754064051,0.611,"Not Significant","pathogenic"
"13051G>A","13379A>G",4,9.31665062560154,-0.367199818417058,0.064,"Not Significant","pathogenic"
"13051G>A","4332G>A",8,4.91241578440808,0.211794868832603,0.132,"Not Significant","pathogenic"
"13051G>A","8969G>A",8,7.96150144369586,0.00209500879922754,1,"Not Significant","pathogenic"
"13051G>A","7510T>C",7,6.09817131857555,0.0598984189890797,0.811,"Not Significant","pathogenic"
"13051G>A","5521G>A",3,2.03272377285852,0.169042888408177,0.689,"Not Significant","pathogenic"
"13051G>A","12147G>A",4,2.87969201154957,0.142713949688492,0.531,"Not Significant","pathogenic"
"13051G>A","8340G>A",1,1.35514918190568,-0.131987107237534,1,"Not Significant","pathogenic"
"8363G>A","10191T>C",12,13.487969201155,-0.0507653195523552,0.707,"Not Significant","pathogenic"
"8363G>A","9176T>G",13,12.436958614052,0.0192291631597129,0.882,"Not Significant","pathogenic"
"8363G>A","1555A>G",8,6.65640038498556,0.0798505499461403,0.664,"Not Significant","pathogenic"
"8363G>A","14487T>C",14,9.02117420596728,0.190864966207438,0.096,"Not Significant","pathogenic"
"8363G>A","3890G>A",8,8.49566891241578,-0.0261075920379007,1,"Not Significant","pathogenic"
"8363G>A","7511T>C",8,7.09432146294514,0.0521791233486846,0.84,"Not Significant","pathogenic"
"8363G>A","3460G>A",6,7.97016361886429,-0.123315986699577,0.535,"Not Significant","pathogenic"
"8363G>A","4450G>A",6,4.64196342637151,0.111449536016821,0.586,"Not Significant","pathogenic"
"8363G>A","5703G>A",7,4.99230028873917,0.146797339575354,0.345,"Not Significant","pathogenic"
"8363G>A","14453G>A",12,5.6929740134745,0.323842044636844,0.009,"Significant","pathogenic"
"8363G>A","10663T>C",12,8.67083734359961,0.141120206684769,0.255,"Not Significant","pathogenic"
"8363G>A","7497G>A",7,5.43022136669875,0.110280505750293,0.48,"Not Significant","pathogenic"
"8363G>A","3303C>T",3,4.81713185755534,-0.205667279533037,0.465,"Not Significant","pathogenic"
"8363G>A","14459G>A",11,4.81713185755534,0.358604150894998,0.003,"Significant","pathogenic"
"8363G>A","9155A>G",7,6.39364773820982,0.0393493351292964,0.818,"Not Significant","pathogenic"
"8363G>A","3280A>G",7,5.6929740134745,0.0897588386060606,0.651,"Not Significant","pathogenic"
"8363G>A","13379A>G",6,4.81713185755534,0.0953627161237063,0.633,"Not Significant","pathogenic"
"8363G>A","4332G>A",3,2.53994225216554,0.0722974120541681,1,"Not Significant","pathogenic"
"8363G>A","8969G>A",6,4.11645813282002,0.163627547680698,0.399,"Not Significant","pathogenic"
"8363G>A","7510T>C",2,3.15303176130895,-0.197698349859281,0.595,"Not Significant","pathogenic"
"8363G>A","5521G>A",3,1.05101058710298,0.455514163881276,0.091,"Not Significant","pathogenic"
"8363G>A","12147G>A",0,1.48893166506256,-10.1728747661714,0.401,"Not Significant","pathogenic"
"8363G>A","8340G>A",1,0.700673724735322,0.154484168225587,1,"Not Significant","pathogenic"
"10191T>C","9176T>G",25,21.0471607314726,0.0747464910093693,0.366,"Not Significant","pathogenic"
"10191T>C","1555A>G",18,11.264677574591,0.203553739541786,0.028,"Significant","pathogenic"
"10191T>C","14487T>C",15,15.2666025024062,-0.00765113892872608,1,"Not Significant","pathogenic"
"10191T>C","3890G>A",19,14.3772858517806,0.121076693406563,0.153,"Not Significant","pathogenic"
"10191T>C","7511T>C",15,12.0057747834456,0.0967010668970237,0.418,"Not Significant","pathogenic"
"10191T>C","3460G>A",18,13.487969201155,0.12532593950212,0.161,"Not Significant","pathogenic"
"10191T>C","4450G>A",10,7.85563041385948,0.10481895711874,0.426,"Not Significant","pathogenic"
"10191T>C","5703G>A",10,8.44850818094321,0.0732199710474254,0.549,"Not Significant","pathogenic"
"10191T>C","14453G>A",12,9.63426371511069,0.0953627161245948,0.46,"Not Significant","pathogenic"
"10191T>C","10663T>C",18,14.6737247353224,0.0887321372259235,0.365,"Not Significant","pathogenic"
"10191T>C","7497G>A",11,9.18960538979788,0.0780958223799077,0.574,"Not Significant","pathogenic"
"10191T>C","3303C>T",12,8.15206929740135,0.167913383272387,0.177,"Not Significant","pathogenic"
"10191T>C","14459G>A",9,8.15206929740135,0.0429746466652935,0.861,"Not Significant","pathogenic"
"10191T>C","9155A>G",14,10.8200192492782,0.111900002277585,0.317,"Not Significant","pathogenic"
"10191T>C","3280A>G",10,9.63426371511069,0.0161814700776938,1,"Not Significant","pathogenic"
"10191T>C","13379A>G",13,8.15206929740135,0.202675489531321,0.07,"Not Significant","pathogenic"
"10191T>C","4332G>A",4,4.29836381135707,-0.0312431798495257,1,"Not Significant","pathogenic"
"10191T>C","8969G>A",6,6.96631376323388,-0.0648517808303555,0.833,"Not Significant","pathogenic"
"10191T>C","7510T>C",9,5.33589990375361,0.227034835389438,0.083,"Not Significant","pathogenic"
"10191T>C","5521G>A",0,1.7786333012512,-10.2500864193513,0.256,"Not Significant","pathogenic"
"10191T>C","12147G>A",2,2.51973051010587,-0.100324098989099,0.774,"Not Significant","pathogenic"
"10191T>C","8340G>A",2,1.18575553416747,0.227034835377841,0.603,"Not Significant","pathogenic"
"9176T>G","1555A>G",17,10.3869104908566,0.213962532269977,0.027,"Significant","pathogenic"
"9176T>G","14487T>C",25,14.0769971126083,0.249429987139638,0.002,"Significant","pathogenic"
"9176T>G","3890G>A",19,13.2569778633301,0.156309069859715,0.087,"Not Significant","pathogenic"
"9176T>G","7511T>C",5,11.0702598652551,-0.345187811363747,0.042,"Significant","pathogenic"
"9176T>G","3460G>A",9,12.436958614052,-0.140471679706314,0.34,"Not Significant","pathogenic"
"9176T>G","4450G>A",8,7.24350336862368,0.0431413205647085,0.838,"Not Significant","pathogenic"
"9176T>G","5703G>A",9,7.79018286814244,0.062694856940205,0.707,"Not Significant","pathogenic"
"9176T>G","14453G>A",12,8.88354186717998,0.13059509257762,0.26,"Not Significant","pathogenic"
"9176T>G","10663T>C",17,13.5303176130895,0.0991409299541898,0.385,"Not Significant","pathogenic"
"9176T>G","7497G>A",11,8.4735322425409,0.113328198832915,0.334,"Not Significant","pathogenic"
"9176T>G","3303C>T",10,7.51684311838306,0.123964513678442,0.401,"Not Significant","pathogenic"
"9176T>G","14459G>A",10,7.51684311838306,0.123964513678442,0.428,"Not Significant","pathogenic"
"9176T>G","9155A>G",14,9.97690086621752,0.147132378730652,0.159,"Not Significant","pathogenic"
"9176T>G","3280A>G",12,8.88354186717998,0.13059509257762,0.246,"Not Significant","pathogenic"
"9176T>G","13379A>G",8,7.51684311838306,0.0270545006714718,1,"Not Significant","pathogenic"
"9176T>G","4332G>A",6,3.96342637151107,0.180080455655089,0.271,"Not Significant","pathogenic"
"9176T>G","8969G>A",7,6.42348411934552,0.0373273852521034,0.836,"Not Significant","pathogenic"
"9176T>G","7510T>C",9,4.92011549566891,0.262267211842157,0.05,"Not Significant","pathogenic"
"9176T>G","5521G>A",1,1.6400384985563,-0.214854042856555,0.702,"Not Significant","pathogenic"
"9176T>G","12147G>A",2,2.32338787295476,-0.0650917225371494,1,"Not Significant","pathogenic"
"9176T>G","8340G>A",3,1.09335899903754,0.438358470876595,0.085,"Not Significant","pathogenic"
"1555A>G","14487T>C",9,7.53416746871992,0.0772072400095999,0.716,"Not Significant","pathogenic"
"1555A>G","3890G>A",12,7.09528392685274,0.228211467055264,0.054,"Not Significant","pathogenic"
"1555A>G","7511T>C",8,5.92492781520693,0.130406923387779,0.363,"Not Significant","pathogenic"
"1555A>G","3460G>A",5,6.65640038498556,-0.124269432706527,0.543,"Not Significant","pathogenic"
"1555A>G","4450G>A",5,3.87680461982676,0.110496090009099,0.569,"Not Significant","pathogenic"
"1555A>G","5703G>A",4,4.16939364773821,-0.0180129090677018,1,"Not Significant","pathogenic"
"1555A>G","14453G>A",6,4.75457170356112,0.101039849015278,0.613,"Not Significant","pathogenic"
"1555A>G","10663T>C",9,7.24157844080847,0.0944092701169893,0.542,"Not Significant","pathogenic"
"1555A>G","7497G>A",5,4.53512993262753,0.0423802701132606,1,"Not Significant","pathogenic"
"1555A>G","3303C>T",3,4.02309913378248,-0.127439479494514,0.617,"Not Significant","pathogenic"
"1555A>G","14459G>A",6,4.02309913378248,0.173590516162229,0.412,"Not Significant","pathogenic"
"1555A>G","9155A>G",7,5.33974975938402,0.117577135168258,0.486,"Not Significant","pathogenic"
"1555A>G","3280A>G",5,4.75457170356112,0.0218586029691009,1,"Not Significant","pathogenic"
"1555A>G","13379A>G",4,4.02309913378248,-0.00250074288983303,1,"Not Significant","pathogenic"
"1555A>G","4332G>A",1,2.12127045235804,-0.326596042599614,0.525,"Not Significant","pathogenic"
"1555A>G","8969G>A",5,3.43792107795958,0.162674101672741,0.405,"Not Significant","pathogenic"
"1555A>G","7510T>C",3,2.63330125120308,0.0566207092267454,1,"Not Significant","pathogenic"
"1555A>G","5521G>A",1,0.87776708373436,0.0566207092227136,1,"Not Significant","pathogenic"
"1555A>G","12147G>A",0,1.24350336862368,-10.0946469661368,0.393,"Not Significant","pathogenic"
"1555A>G","8340G>A",1,0.585178055822907,0.232711968253656,1,"Not Significant","pathogenic"
"14487T>C","3890G>A",13,9.61597690086622,0.130949940891421,0.298,"Not Significant","pathogenic"
"14487T>C","7511T>C",9,8.02983638113571,0.0495358134120974,0.842,"Not Significant","pathogenic"
"14487T>C","3460G>A",8,9.02117420596728,-0.0521730824765304,0.726,"Not Significant","pathogenic"
"14487T>C","4450G>A",7,5.25409047160731,0.124600493263411,0.462,"Not Significant","pathogenic"
"14487T>C","5703G>A",7,5.65062560153994,0.0930015071922891,0.649,"Not Significant","pathogenic"
"14487T>C","14453G>A",2,6.4436958614052,-0.508105038111894,0.08,"Not Significant","pathogenic"
"14487T>C","10663T>C",12,9.81424446583253,0.0873243743012741,0.477,"Not Significant","pathogenic"
"14487T>C","7497G>A",8,6.14629451395573,0.114476620344058,0.483,"Not Significant","pathogenic"
"14487T>C","3303C>T",8,5.45235803657363,0.166505620347168,0.246,"Not Significant","pathogenic"
"14487T>C","14459G>A",8,5.45235803657363,0.166505620347168,0.24,"Not Significant","pathogenic"
"14487T>C","9155A>G",8,7.23676612127045,0.0435454497229203,0.852,"Not Significant","pathogenic"
"14487T>C","3280A>G",6,6.4436958614052,-0.0309837834067084,1,"Not Significant","pathogenic"
"14487T>C","13379A>G",12,5.45235803657363,0.34259687940104,0.009,"Significant","pathogenic"
"14487T>C","4332G>A",1,2.87487969201155,-0.458619675018628,0.363,"Not Significant","pathogenic"
"14487T>C","8969G>A",6,4.65928777670837,0.109831715297849,0.591,"Not Significant","pathogenic"
"14487T>C","7510T>C",3,3.56881616939365,-0.0754029231933122,0.803,"Not Significant","pathogenic"
"14487T>C","5521G>A",0,1.18960538979788,-10.0754029232321,0.391,"Not Significant","pathogenic"
"14487T>C","12147G>A",1,1.68527430221367,-0.226670598508609,0.72,"Not Significant","pathogenic"
"14487T>C","8340G>A",1,0.793070259865255,0.10068833584873,1,"Not Significant","pathogenic"
"3890G>A","7511T>C",6,7.56207892204042,-0.100489955202578,0.562,"Not Significant","pathogenic"
"3890G>A","3460G>A",7,8.49566891241578,-0.0840995390148119,0.739,"Not Significant","pathogenic"
"3890G>A","4450G>A",8,4.94802694898941,0.208657930678739,0.144,"Not Significant","pathogenic"
"3890G>A","5703G>A",7,5.32146294513956,0.119066997630741,0.46,"Not Significant","pathogenic"
"3890G>A","14453G>A",9,6.06833493743985,0.17117296608507,0.295,"Not Significant","pathogenic"
"3890G>A","10663T>C",8,9.24254090471607,-0.0627013943139439,0.702,"Not Significant","pathogenic"
"3890G>A","7497G>A",10,5.78825794032724,0.237452123789519,0.079,"Not Significant","pathogenic"
"3890G>A","3303C>T",6,5.13474494706449,0.0676323741791126,0.837,"Not Significant","pathogenic"
"3890G>A","14459G>A",8,5.13474494706449,0.192571110785603,0.201,"Not Significant","pathogenic"
"3890G>A","9155A>G",9,6.81520692974014,0.120763462608255,0.441,"Not Significant","pathogenic"
"3890G>A","3280A>G",6,6.06833493743985,-0.00491829296819797,1,"Not Significant","pathogenic"
"3890G>A","13379A>G",6,5.13474494706449,0.0676323741791126,0.79,"Not Significant","pathogenic"
"3890G>A","4332G>A",5,2.70741097208855,0.26641581972064,0.191,"Not Significant","pathogenic"
"3890G>A","8969G>A",5,4.3878729547642,0.0567159596900221,0.785,"Not Significant","pathogenic"
"3890G>A","7510T>C",4,3.3609239653513,0.0756013038495432,0.771,"Not Significant","pathogenic"
"3890G>A","5521G>A",1,1.12030798845043,-0.0493374327520285,1,"Not Significant","pathogenic"
"3890G>A","12147G>A",0,1.58710298363811,-10.2006051081147,0.241,"Not Significant","pathogenic"
"3890G>A","8340G>A",1,0.746871992300289,0.12675382628427,1,"Not Significant","pathogenic"
"7511T>C","3460G>A",5,7.09432146294514,-0.151940859303983,0.464,"Not Significant","pathogenic"
"7511T>C","4450G>A",3,4.13185755534167,-0.139024086198633,0.638,"Not Significant","pathogenic"
"7511T>C","5703G>A",3,4.4436958614052,-0.170623072269598,0.608,"Not Significant","pathogenic"
"7511T>C","14453G>A",8,5.06737247353224,0.198307159024474,0.239,"Not Significant","pathogenic"
"7511T>C","10663T>C",8,7.71799807507219,0.0155853210727229,1,"Not Significant","pathogenic"
"7511T>C","7497G>A",3,4.8334937439846,-0.207139906094573,0.475,"Not Significant","pathogenic"
"7511T>C","3303C>T",3,4.28777670837344,-0.155110906091706,0.594,"Not Significant","pathogenic"
"7511T>C","14459G>A",4,4.28777670837344,-0.0301721694870252,1,"Not Significant","pathogenic"
"7511T>C","9155A>G",1,5.69104908565929,-0.75519233140613,0.041,"Significant","pathogenic"
"7511T>C","3280A>G",7,5.06737247353224,0.140315212047563,0.462,"Not Significant","pathogenic"
"7511T>C","13379A>G",2,4.28777670837344,-0.331202165140149,0.296,"Not Significant","pathogenic"
"7511T>C","4332G>A",0,2.26082771896054,-10.3542674692396,0.164,"Not Significant","pathogenic"
"7511T>C","8969G>A",4,3.66410009624639,0.0380926620697772,1,"Not Significant","pathogenic"
"7511T>C","7510T>C",2,2.8065447545717,-0.147141976418538,0.766,"Not Significant","pathogenic"
"7511T>C","5521G>A",0,0.935514918190568,-9.97105071741552,0.62,"Not Significant","pathogenic"
"7511T>C","12147G>A",2,1.32531280076997,0.17871160295318,0.621,"Not Significant","pathogenic"
"7511T>C","8340G>A",0,0.623676612127045,-9.79495945838305,0.665,"Not Significant","pathogenic"
"3460G>A","4450G>A",7,4.64196342637151,0.1783963256464,0.313,"Not Significant","pathogenic"
"3460G>A","5703G>A",6,4.99230028873917,0.079850549945775,0.632,"Not Significant","pathogenic"
"3460G>A","14453G>A",5,5.6929740134745,-0.0563691970696957,0.825,"Not Significant","pathogenic"
"3460G>A","10663T>C",5,8.67083734359961,-0.23909103502177,0.202,"Not Significant","pathogenic"
"3460G>A","7497G>A",8,5.43022136669875,0.168272452727204,0.262,"Not Significant","pathogenic"
"3460G>A","3303C>T",5,4.81713185755534,0.0161814700775291,1,"Not Significant","pathogenic"
"3460G>A","14459G>A",6,4.81713185755534,0.0953627161237063,0.591,"Not Significant","pathogenic"
"3460G>A","9155A>G",8,6.39364773820982,0.0973412821062076,0.505,"Not Significant","pathogenic"
"3460G>A","3280A>G",4,5.6929740134745,-0.153279210075581,0.485,"Not Significant","pathogenic"
"3460G>A","13379A>G",7,4.81713185755534,0.162309505753285,0.327,"Not Significant","pathogenic"
"3460G>A","4332G>A",4,2.53994225216554,0.197236148658849,0.53,"Not Significant","pathogenic"
"3460G>A","8969G>A",3,4.11645813282002,-0.137402447976045,0.629,"Not Significant","pathogenic"
"3460G>A","7510T>C",3,3.15303176130895,-0.0216070908108383,1,"Not Significant","pathogenic"
"3460G>A","5521G>A",0,1.05101058710298,-10.0216070908529,0.397,"Not Significant","pathogenic"
"3460G>A","12147G>A",2,1.48893166506256,0.128155229514338,0.673,"Not Significant","pathogenic"
"3460G>A","8340G>A",1,0.700673724735322,0.154484168225587,1,"Not Significant","pathogenic"
"4450G>A","5703G>A",4,2.90760346487007,0.13852481360778,0.508,"Not Significant","pathogenic"
"4450G>A","14453G>A",2,3.31568816169394,-0.21954368301387,0.586,"Not Significant","pathogenic"
"4450G>A","10663T>C",3,5.05004812319538,-0.226174261915622,0.359,"Not Significant","pathogenic"
"4450G>A","7497G>A",4,3.16265640038499,0.102007979783222,0.735,"Not Significant","pathogenic"
"4450G>A","3303C>T",3,2.8055822906641,0.0290982431808037,1,"Not Significant","pathogenic"
"4450G>A","14459G>A",3,2.8055822906641,0.0290982431808037,1,"Not Significant","pathogenic"
"4450G>A","9155A>G",4,3.72377285851781,0.0310768091630894,1,"Not Significant","pathogenic"
"4450G>A","3280A>G",6,3.31568816169394,0.257577571691316,0.149,"Not Significant","pathogenic"
"4450G>A","13379A>G",1,2.8055822906641,-0.448023011509906,0.354,"Not Significant","pathogenic"
"4450G>A","4332G>A",1,1.47930702598653,-0.170058319928496,1,"Not Significant","pathogenic"
"4450G>A","8969G>A",1,2.39749759384023,-0.379758179954014,0.494,"Not Significant","pathogenic"
"4450G>A","7510T>C",0,1.83638113570741,-10.2639628228345,0.235,"Not Significant","pathogenic"
"4450G>A","5521G>A",0,0.612127045235804,-9.78684156816218,0.664,"Not Significant","pathogenic"
"4450G>A","12147G>A",0,0.867179980750722,-9.93810924347197,0.589,"Not Significant","pathogenic"
"4450G>A","8340G>A",1,0.408084696823869,0.389249690901452,0.334,"Not Significant","pathogenic"
"5703G>A","14453G>A",1,3.56592877767084,-0.552172664726919,0.148,"Not Significant","pathogenic"
"5703G>A","10663T>C",6,5.43118383060635,0.0432567476700216,0.815,"Not Significant","pathogenic"
"5703G>A","7497G>A",8,3.40134744947065,0.371438989371036,0.021,"Significant","pathogenic"
"5703G>A","3303C>T",5,3.01732435033686,0.219348006720753,0.361,"Not Significant","pathogenic"
"5703G>A","14459G>A",2,3.01732435033686,-0.178592001938255,0.566,"Not Significant","pathogenic"
"5703G>A","9155A>G",3,4.00481231953802,-0.125460913512475,0.617,"Not Significant","pathogenic"
"5703G>A","3280A>G",3,3.56592877767084,-0.0750514100362097,0.803,"Not Significant","pathogenic"
"5703G>A","13379A>G",3,3.01732435033686,-0.00250074288981228,1,"Not Significant","pathogenic"
"5703G>A","4332G>A",3,1.59095283926853,0.275463948692571,0.383,"Not Significant","pathogenic"
"5703G>A","8969G>A",1,2.57844080846968,-0.411357166024445,0.331,"Not Significant","pathogenic"
"5703G>A","7510T>C",1,1.97497593840231,-0.295561808861162,0.736,"Not Significant","pathogenic"
"5703G>A","5521G>A",0,0.65832531280077,-9.81844055422891,0.653,"Not Significant","pathogenic"
"5703G>A","12147G>A",0,0.932627526467757,-9.96970822954015,0.598,"Not Significant","pathogenic"
"5703G>A","8340G>A",1,0.43888354186718,0.357650704837218,0.368,"Not Significant","pathogenic"
"14453G>A","10663T>C",12,6.1934552454283,0.287248242361004,0.022,"Significant","pathogenic"
"14453G>A","7497G>A",9,3.87872954764196,0.365553010849021,0.01,"Significant","pathogenic"
"14453G>A","3303C>T",3,3.44080846968239,-0.059539243858405,1,"Not Significant","pathogenic"
"14453G>A","14459G>A",2,3.44080846968239,-0.235630502906848,0.561,"Not Significant","pathogenic"
"14453G>A","9155A>G",6,4.56689124157844,0.118530581175238,0.617,"Not Significant","pathogenic"
"14453G>A","3280A>G",4,4.06641000962464,-0.00715117440039411,1,"Not Significant","pathogenic"
"14453G>A","13379A>G",6,3.44080846968239,0.241490751798338,0.136,"Not Significant","pathogenic"
"14453G>A","4332G>A",2,1.81424446583253,0.0423341886771236,1,"Not Significant","pathogenic"
"14453G>A","8969G>A",3,2.94032723772859,0.00872558769797295,1,"Not Significant","pathogenic"
"14453G>A","7510T>C",2,2.25216554379211,-0.051570314186553,1,"Not Significant","pathogenic"
"14453G>A","5521G>A",2,0.750721847930703,0.425550940494543,0.172,"Not Significant","pathogenic"
"14453G>A","12147G>A",1,1.06352261790183,-0.0267467304613581,1,"Not Significant","pathogenic"
"14453G>A","8340G>A",1,0.500481231953802,0.300612203879032,1,"Not Significant","pathogenic"
"10663T>C","7497G>A",6,5.90760346487007,0.00673991384490407,1,"Not Significant","pathogenic"
"10663T>C","3303C>T",6,5.24061597690087,0.0587689138479784,0.79,"Not Significant","pathogenic"
"10663T>C","14459G>A",7,5.24061597690087,0.125715703477558,0.489,"Not Significant","pathogenic"
"10663T>C","9155A>G",10,6.95572666025024,0.157657492837271,0.212,"Not Significant","pathogenic"
"10663T>C","3280A>G",9,6.1934552454283,0.16230950575391,0.284,"Not Significant","pathogenic"
"10663T>C","13379A>G",5,5.24061597690087,-0.0204123321981988,1,"Not Significant","pathogenic"
"10663T>C","4332G>A",4,2.76323387872955,0.160642346383774,0.503,"Not Significant","pathogenic"
"10663T>C","8969G>A",10,4.47834456207892,0.348882495018555,0.013,"Significant","pathogenic"
"10663T>C","7510T>C",6,3.43022136669875,0.242829102570561,0.145,"Not Significant","pathogenic"
"10663T>C","5521G>A",1,1.14340712223292,-0.0582008930825504,1,"Not Significant","pathogenic"
"10663T>C","12147G>A",4,1.61982675649663,0.392591422893362,0.078,"Not Significant","pathogenic"
"10663T>C","8340G>A",0,0.762271414821944,-9.88210963408929,0.627,"Not Significant","pathogenic"
"7497G>A","3303C>T",7,3.28200192492782,0.328959208571908,0.047,"Significant","pathogenic"
"7497G>A","14459G>A",3,3.28200192492782,-0.0390175767144141,1,"Not Significant","pathogenic"
"7497G>A","9155A>G",5,4.35611164581328,0.0598710022732025,0.792,"Not Significant","pathogenic"
"7497G>A","3280A>G",3,3.87872954764196,-0.11156824386099,0.788,"Not Significant","pathogenic"
"7497G>A","13379A>G",3,3.28200192492782,-0.0390175767144141,1,"Not Significant","pathogenic"
"7497G>A","4332G>A",4,1.73051010587103,0.363885851473691,0.092,"Not Significant","pathogenic"
"7497G>A","8969G>A",5,2.8046198267565,0.251096004452426,0.193,"Not Significant","pathogenic"
"7497G>A","7510T>C",1,2.14821944177093,-0.332078642685151,0.514,"Not Significant","pathogenic"
"7497G>A","5521G>A",1,0.716073147256978,0.145042611994079,1,"Not Significant","pathogenic"
"7497G>A","12147G>A",1,1.01443695861405,-0.00622506331873235,1,"Not Significant","pathogenic"
"7497G>A","8340G>A",1,0.477382098171319,0.321133871019435,0.387,"Not Significant","pathogenic"
"3303C>T","14459G>A",5,2.91145332050048,0.234860172898478,0.217,"Not Significant","pathogenic"
"3303C>T","9155A>G",6,3.86429258902791,0.191081248322121,0.287,"Not Significant","pathogenic"
"3303C>T","3280A>G",4,3.44080846968239,0.0653994927462758,0.779,"Not Significant","pathogenic"
"3303C>T","13379A>G",3,2.91145332050048,0.0130114232879118,1,"Not Significant","pathogenic"
"3303C>T","4332G>A",1,1.53512993262753,-0.186145139820883,0.73,"Not Significant","pathogenic"
"3303C>T","8969G>A",2,2.48796920115496,-0.0948150042045438,1,"Not Significant","pathogenic"
"3303C>T","7510T>C",3,1.90567853705486,0.197071612006996,0.439,"Not Significant","pathogenic"
"3303C>T","5521G>A",0,0.635226179018287,-9.80292838805306,0.65,"Not Significant","pathogenic"
"3303C>T","12147G>A",1,0.89990375360924,0.045803936679829,1,"Not Significant","pathogenic"
"3303C>T","8340G>A",1,0.423484119345525,0.373162871011867,0.361,"Not Significant","pathogenic"
"14459G>A","9155A>G",2,3.86429258902791,-0.286040006383065,0.43,"Not Significant","pathogenic"
"14459G>A","3280A>G",6,3.44080846968239,0.241490751798338,0.15,"Not Significant","pathogenic"
"14459G>A","13379A>G",6,2.91145332050048,0.314041418944655,0.067,"Not Significant","pathogenic"
"14459G>A","4332G>A",2,1.53512993262753,0.114884855821383,1,"Not Significant","pathogenic"
"14459G>A","8969G>A",2,2.48796920115496,-0.0948150042045438,1,"Not Significant","pathogenic"
"14459G>A","7510T>C",4,1.90567853705486,0.322010348611677,0.112,"Not Significant","pathogenic"
"14459G>A","5521G>A",3,0.635226179018287,0.674192866681079,0.023,"Significant","pathogenic"
"14459G>A","12147G>A",0,0.89990375360924,-9.9541960633636,0.607,"Not Significant","pathogenic"
"14459G>A","8340G>A",0,0.423484119345525,-9.62683712903156,1,"Not Significant","pathogenic"
"9155A>G","3280A>G",5,4.56689124157844,0.0393493351290609,1,"Not Significant","pathogenic"
"9155A>G","13379A>G",2,3.86429258902791,-0.286040006383065,0.428,"Not Significant","pathogenic"
"9155A>G","4332G>A",3,2.03753609239654,0.16801594425059,0.738,"Not Significant","pathogenic"
"9155A>G","8969G>A",4,3.30221366698749,0.0832548208266721,0.762,"Not Significant","pathogenic"
"9155A>G","7510T>C",4,2.52935514918191,0.199050177991084,0.51,"Not Significant","pathogenic"
"9155A>G","5521G>A",1,0.843118383060635,0.0741114413810156,1,"Not Significant","pathogenic"
"9155A>G","12147G>A",1,1.1944177093359,-0.0771562339344833,1,"Not Significant","pathogenic"
"9155A>G","8340G>A",1,0.562078922040424,0.250202700410942,1,"Not Significant","pathogenic"
"3280A>G","13379A>G",4,3.44080846968239,0.0653994927462758,0.787,"Not Significant","pathogenic"
"3280A>G","4332G>A",2,1.81424446583253,0.0423341886771236,1,"Not Significant","pathogenic"
"3280A>G","8969G>A",2,2.94032723772859,-0.16736567135047,0.744,"Not Significant","pathogenic"
"3280A>G","7510T>C",7,2.25216554379211,0.492497730148212,0.007,"Significant","pathogenic"
"3280A>G","5521G>A",3,0.750721847930703,0.601642199542986,0.028,"Significant","pathogenic"
"3280A>G","12147G>A",2,1.06352261790183,0.274283265180908,0.614,"Not Significant","pathogenic"
"3280A>G","8340G>A",0,0.500481231953802,-9.6993877961644,0.663,"Not Significant","pathogenic"
"13379A>G","4332G>A",1,1.53512993262753,-0.186145139820883,0.725,"Not Significant","pathogenic"
"13379A>G","8969G>A",2,2.48796920115496,-0.0948150042045438,1,"Not Significant","pathogenic"
"13379A>G","7510T>C",2,1.90567853705486,0.0209803529585527,1,"Not Significant","pathogenic"
"13379A>G","5521G>A",1,0.635226179018287,0.19707161199037,1,"Not Significant","pathogenic"
"13379A>G","12147G>A",1,0.89990375360924,0.045803936679829,1,"Not Significant","pathogenic"
"13379A>G","8340G>A",1,0.423484119345525,0.373162871011867,0.341,"Not Significant","pathogenic"
"4332G>A","8969G>A",2,1.31183830606352,0.183149687375094,0.65,"Not Significant","pathogenic"
"4332G>A","7510T>C",0,1.00481231953802,-10.0020849511523,0.444,"Not Significant","pathogenic"
"4332G>A","5521G>A",1,0.334937439846006,0.475036303524362,0.305,"Not Significant","pathogenic"
"4332G>A","12147G>A",0,0.474494706448508,-9.67623137181158,1,"Not Significant","pathogenic"
"4332G>A","8340G>A",0,0.223291626564004,-9.34887243752822,1,"Not Significant","pathogenic"
"8969G>A","7510T>C",0,1.62848893166506,-10.2117848111725,0.263,"Not Significant","pathogenic"
"8969G>A","5521G>A",3,0.542829643888354,0.742457698227968,0.016,"Significant","pathogenic"
"8969G>A","12147G>A",1,0.769008662175169,0.114068768230141,1,"Not Significant","pathogenic"
"8969G>A","8340G>A",0,0.361886429258903,-9.55857229749049,1,"Not Significant","pathogenic"
"7510T>C","5521G>A",1,0.415784408084697,0.381131800681243,0.35,"Not Significant","pathogenic"
"7510T>C","12147G>A",2,0.58902791145332,0.530894121023582,0.098,"Not Significant","pathogenic"
"7510T>C","8340G>A",0,0.277189605389798,-9.44277694035873,1,"Not Significant","pathogenic"
"5521G>A","12147G>A",1,0.196342637151107,0.706985379953516,0.171,"Not Significant","pathogenic"
"5521G>A","8340G>A",0,0.0923965351299326,-8.96565568595242,1,"Not Significant","pathogenic"
"12147G>A","8340G>A",0,0.130895091434071,-9.11692336114483,1,"Not Significant","pathogenic"
