,id,pos,ref,alt,aachange,homoplasmy,heteroplasmy,disease,status,pubmed_ids,gbcnt,gbfreq,variant
1,1,583,G,A,NA,-,+,MELAS / MM & EXIT,Cfrm,9771776, 31965079, 16806928, 19718780,0,0,583G>A
2,237,616,T,C,NA,+,+,Maternally inherited epilepsy / mito tubulointerstitial kidney disease (MITKD),Cfrm,31965079, 20142618, 28267784, 31722346,1,0,616T>C
3,103,1494,C,T,NA,+,-,DEAF,Cfrm,14681830, 16947981, 16826519, 19144107, 20860455, 25838379, 25837512, 29253894, 24092330, 15126302, 15722487, 16380089, 17434445, 17698030, 17698299, 18308926, 18325329, 16458854, 19687236, 20100600, 16890911, 21495045, 17489842, 21047563, 29707576, 28901477, 30523288, 20209292, 30693673, 27654872, 34467602,4,0.01,1494C>T
4,8,1555,A,G,NA,+,+,DEAF; autism spectrum intellectual disability; possibly antiatherosclerotic,Cfrm,8285309, 8414970, 7689389, 7649544, 9040738, 9490575, 9164619, 9391883, 9831149, 9777488, 9887373, 9915970, 10414625, 10521300, 9779807, 7550368, 8800928, 10788333, 11388757, 10220138, 12031626, 16947981, 9315872, 16826519, 18154640, 18674747, 19144107, 20860455, 22341444, 23847141, 25838379, 25837512, 25313049, 26404827, 28049726, 29253894, 24092330, 30369864, 12711217, 15179218, 12372057, 12655418, 14699607, 12370316, 10905659, 12011058, 10326749, 8817331, 12955586, 12054632, 10915767, 11230176, 10577941, 14755216, 12394346, 15286157, 15126302, 15708009, 15841390, 16375862, 16168391, 16152638, 16406239, 16528519, 10760311, 10854117, 18308926, 18325329, 12920080, 16132471, 18386806, 18215147, 16513084, 8797567, 11174059, 9950117, 10739773, 11857751, 15542390, 10633132, 9111378, 8973709, 16631122, 16458854, 16574076, 16777068, 16955413, 17999439, 18820594, 18282333, 19026397, 18790089, 19371214, 17637808, 11215518, 15292920, 17341440, 19370763, 19687236, 19818876, 20353758, 8687424, 10424809, 20100600, 18775412, 20064630, 20123042, 17452034, 21456129, 21162657, 21495045, 20111055, 17489842, 21621438, 21725156, 21838605, 21504270, 22475488, 19376484, 29182774, 27308839, 21047563, 17723226, 29348176, 28951770, 29707576, 29336589, 29340697, 30272361, 29670672, 23395464, 25834827, 19082356, 28320335, 30523288, 19705751, 30693673, 31540444, 23301511, 18930888, 26361786, 32991883, 32867169, 27654872, 34467602,80,0.15,1555A>G
5,9,1606,G,A,NA,-,+,AMDF,Cfrm,9450773, 31965079, 12056939, 20064630, 29340697,0,0,1606G>A
6,244,1630,A,G,NA,-,+,MNGIE-like disease / MELAS,Cfrm,19252805, 29428506, 31965079, 21540128,0,0,1630A>G
7,18,3243,A,T,NA,-,+,MM / MELAS / SNHL / CPEO,Cfrm,9168904, 31965079, 15477393, 12729737, 16950816, 18203188, 20471262,0,0,3243A>T
8,16,3243,A,G,NA,-,+,MELAS / Leigh Syndrome / DMDF / MIDD / SNHL / CPEO / MM / FSGS / ASD / Cardiac+multi-organ dysfunction,Cfrm,8363469, 8356881, 1584755, 1922812, 1586140, 8122891, 7965431, 1684568, 8363452, 8477849, 1549215, 2102678, 1674297, 1606473, 1755869, 8201329, 1670860, 1370535, 1405464, 1433821, 8042948, 1673015, 8122892, 1732728, 1434521, 2268345, 1715668, 7680123, 8326463, 1463007, 8151636, 1434520, 1315123, 8442706, 8129854, 1442494, 1713858, 1436526, 7912129, 7689068, 2903249, 8482977, 1539604, 1378759, 8138807, 8487499, 8518790, 1899574, 7684581, 8154867, 7910800, 1284550, 8373389, 8063037, 7743754, 7732778, 7599217, 7600089, 7603515, 7473662, 7639309, 8392410, 7599199, 7625445, 7603513, 8773598, 8723687, 8723071, 9455929, 9761239, 9748738, 9266470, 9196933, 9365365, 9537417, 9341162, 9225833, 9353631, 9262546, 9386859, 9541428, 9219161, 9024220, 9105898, 9212310, 9633820, 9146825, 9541116, 9149827, 9625453, 9437322, 9384601, 9073028, 9628277, 9455930, 9353617, 9222976, 9780603, 9798744, 9772417, 8728705, 9828917, 9778452, 9741403, 9822126, 9683591, 9619647, 9830283, 9884447, 9831303, 9889270, 9744809, 9323566, 10407850, 10399093, 8559168, 8829651, 10862082, 11241464, 10939569, 10611124, 11335700, 11085913, 11889254, 11145497, 10220138, 10514449, 12612863, 11074292, 10858457, 11708999, 11175302, 9708761, 15880407, 9175737, 11742413, 17236134, 11874423, 17886296, 18674747, 16483543, 16815877, 16120315, 19297390, 20471050, 20973690, 21263444, 22115768, 22411789, 22080835, 23390135, 19561330, 23297368, 23272214, 22921075, 19253345, 19470619, 18753147, 24003133, 22306605, 21944974, 24667782, 16490799, 25192935, 25192510, 24864317, 25652200, 27919073, 21724600, 25313049, 26404827, 29253894, 29700325, 28916769, 29318513, 31253706, 30369864, 31965079, 33257573, 34146515, 34298071, 33763872, 34482029, 15258237, 12574954, 12207817, 12609508, 14648149, 15032978, 12391367, 12590018, 12089377, 12874464, 14648337, 15220216, 15238271, 15180810, 10636741, 9598702, 14571459, 14639582, 12627331, 12150714, 12838523, 14722523, 15111665, 14748908, 15056184, 15126302, 10699169, 15752543, 15660201, 15870203, 15893315, 8751860, 8777986, 8712800, 16050991, 16120283, 16476929, 16476925, 15477393, 12729737, 10699170, 12101407, 10854117, 16290150, 15286228, 10699115, 17540956, 17653689, 16950816, 15372523, 7565871, 18252214, 17656376, 18290960, 7735877, 10716261, 10665488, 18391161, 8676159, 8255441, 10025431, 17664998, 18332310, 18165269, 18180872, 18402672, 15164188, 17172609, 17172605, 18441172, 15466086, 15328490, 18241671, 18306232, 10611123, 10100521, 12080997, 11488279, 10633132, 10890789, 8544626, 11331900, 17541738, 8809026, 18569490, 18294221, 18455161, 18319067, 18279408, 10525672, 8517674, 16337222, 17300999, 7714102, 11733107, 11507652, 17823937, 18647627, 18990125, 18976726, 18826862, 18950542, 16120317, 17637808, 11215518, 15292920, 19370763, 16326995, 19460299, 19204268, 17210904, 16717204, 19502062, 19589463, 15737668, 19169492, 19486129, 17664050, 20194621, 19376555, 10424809, 15585516, 10452273, 11260383, 10462141, 9845835, 11044204, 10645055, 20064630, 19941338, 20123042, 20610441, 21067488, 17403843, 11393411, 17689757, 19234880, 17336924, 16384802, 14673589, 11700163, 20799154, 19470628, 20111055, 20972245, 21473984, 21427669, 21496500, 21120938, 21935892, 19718780, 22270878, 22577219, 22249460, 15073091, 23376095, 19273755, 23838278, 17587249, 20164463, 24642831, 21443929, 24375076, 17223431, 11472454, 23288206, 26722549, 26112752, 22781547, 21364701, 25451262, 26897329, 27450679, 27923514, 27986282, 28054208, 29161289, 29079678, 20552288, 20812177, 28140742, 10366077, 23806424, 16876129, 28847973, 27322764, 27402860, 29556788, 29536171, 29376197, 30095618, 22033022, 29983856, 29735722, 29560378, 30133155, 29343702, 29480536, 29139113, 17030784, 29928977, 28320335, 29390138, 30146801, 31083203, 30461153, 30801962, 29266179, 30089816, 30058726, 31641105, 31867706, 31143779, 31347509, 31630688, 19199242, 31682520, 29756269, 28668821, 28951556, 29980632, 17323145, 19864902, 30406307, 30962477, 32786181, 32881886, 32167396, 32970680, 32313153, 28754700, 26469001, 32948797, 11379873, 32169613, 22538251, 16446307, 32722320, 32220313, 32085658, 32696575, 31722256, 31726383, 18176143, 32439810, 33811417, 32504279, 34118021, 32554818, 34467602, 34829316, 33717984, 34737295, 24931247,10,0.02,3243A>G
9,25,3256,C,T,NA,-,+,MELAS; possible atherosclerosis risk,Cfrm,8254046, 7804130, 7599217, 9744809, 16483543, 31965079, 12972383, 15477393, 18165269, 20064630, 19941338, 16384802, 10953207, 19718780, 23376095, 28951770, 29670672, 23395464, 23874496, 32167396,0,0,3256C>T
10,26,3258,T,C,NA,-,+,MELAS / Myopathy,Cfrm,11335700, 23847141, 12798797, 15870203, 15477393,1,0,3258T>C
11,27,3260,A,G,NA,-,+,MMC / MELAS,Cfrm,8132749, 8210299, 1677065, 7599217, 9744809, 8941275, 31965079, 33763872, 15477393, 18165269, 18647627, 20064630, 32167396,0,0,3260A>G
12,29,3271,T,C,NA,-,+,MELAS / DM,Cfrm,1932147, 8280119, 8482977, 7684581, 7599217, 7603510, 7603512, 9455930, 9766710, 9744809, 16120315, 21944974, 25192510, 31965079, 33763872, 12609508, 12527767, 15794182, 15870203, 15477393, 12729737, 18165269, 19370763, 20064630, 20972245, 21364701, 29161289, 32167396,0,0,3271T>C
13,30,3273,T,:,NA,-,+,PEM / retinal dystrophy in MELAS,Cfrm,7854527, 15477393, 30701423,0,0,3273T>:
14,34,3280,A,G,NA,-,+,Myopathy,Cfrm,11335700, 12402350, 12798797, 15870203, 15477393, 20064630,0,0,3280A>G
15,36,3291,T,C,NA,-,+,MELAS / Myopathy / Deafness+Cognitive Impairment,Cfrm,7520241, 7603510, 31965079, 10899447, 15870203, 15477393, 18165269, 18977334, 20064630, 22471645, 20943236, 21863273, 24338029, 29161289, 23273904, 32167396, 22538251,0,0,3291T>C
16,37,3302,A,G,NA,-,+,MM,Cfrm,8366098, 7635294, 31965079, 16050991, 15477393, 7735877, 17130166, 19370763, 20064630, 29161289,0,0,3302A>G
17,38,3303,C,T,NA,+,+,MMC,Cfrm,7906985, 9841711, 10431114, 23847141, 31965079, 12609508, 15477393, 12729737, 16337222, 20064630, 20226758, 21364701, 29161289, 32167396,0,0,3303C>T
18,130,3376,G,A,E24K,+,+,LHON MELAS overlap,Cfrm,22079202, 19001017, 15657614, 20301353,0,0,3376G>A
19,5,3460,G,A,A52T,+,+,LHON,Cfrm,21253496, 28994349, 30369864, 20471050, 21457906, 8556281, 15720387, 7977345, 11339587, 15972314, 20053576, 30304398, 17942074, 32887465, 1928099, 1444915, 25192510, 33584522, 12518276, 8071952, 32991883, 7629530, 32220313, 9852675, 1734726, 33159657, 8401538, 32991388, 10426140, 7760326, 27787713, 10545708, 23847141, 7710535, 24369379, 29983856, 32105823, 27847334, 12023431, 17434142, 28040497, 8024249, 34122299, 28233183, 25909222, 29587845, 8680405, 29991444, 30591017, 15282179, 23297368, 28481993, 25338955, 21887510, 29426449, 26404827, 15629831, 7821467, 15629832, 29253894, 21859767, 28392196, 22410442, 28716668, 30572950, 7599218, 15342361, 7924787, 21397051, 35383288, 34670133, 21694444, 33477675, 20491810, 18235013, 22079202, 16083844, 20628600, 21810891, 26605371, 21788663, 29444077, 27746671, 7635294, 31040363, 15883259, 8213820, 27071925, 30053855, 7611298, 11906302, 10608675, 19525327, 12807863, 11331900, 30081212, 11937919, 19710181, 11001192, 18214789, 28991104, 20809775, 11579587, 8270249, 21067478, 20943885, 20454697, 1732158, 16738010, 31817256, 20211598, 11853713, 29189152, 17479363, 20599858, 16380918, 19268652, 1959619, 1674640, 16532388, 16523671, 8600429, 9302261, 29980632, 18320530, 14748908, 18647627, 15033723, 16083845, 19001017, 19370763, 31584786, 8742999, 16120372, 8195807, 32219779, 31932089, 15728653, 20123042, 12446713, 15638829, 11074292, 16972023, 17406640, 17003408, 20064630, 16564802, 9412783, 11124301, 34673906, 12205655, 16050984, 16829155, 7901141, 20301353, 11329546, 10939569, 32704028, 15282189, 11523562, 8496715, 8931573, 18070226, 33552719, 19319978, 10426138, 33706792, 8755941, 28314831, 33911213, 17122117, 9150158, 27177320, 10520236, 34168607, 7770132, 9012411, 17652639, 19800080, 7853025, 18674747, 8941270, 8659512, 7735876, 14750573, 18216301, 12711217, 18806273, 8571959, 17886296, 10976107, 19255150, 15466086, 14671420, 15126312, 34915201, 32504279, 19098324, 15060117, 29387390, 17292333, 1550131, 12409182, 25053773, 20232220, 18402672,31,0.06,3460G>A
20,8,3635,G,A,S110N,+,-,LHON,Cfrm,23304069, 19497304, 19527690, 32652755, 29253894, 29387390, 25194554, 20301353, 15972314, 11479733, 33417421, 27177320, 21074518, 31817256,9,0.02,3635G>A
21,181,3890,G,A,R195Q,-,+,Progressive Encephalomyopathy / Leigh Syndrome / Optic Atrophy,Cfrm,23847141, 29987491, 29253894, 18504678, 23246842, 27798429, 34390870, 30095618,1,0,3890G>A
22,339,3902,ACCTTGC,GCAAGGT,DLA-GKV,-,+,EXIT+myalgia / severe LA+cardiac / 3-MGA aciduria / nephropathy+deafness+diabetes,Cfrm,27290639, 34135385, 10775530, 2125637, 35234296, 16492986,0,0,3902ACCTTGC>GCAAGGT
23,11,4171,C,A,L289M,+,+,LHON / Leigh-like phenotype,Cfrm,22879922, 15972314, 20301353, 24884847, 34670133, 19616643, 19001017, 32045392, 12112111, 35104579, 20491810, 19555656, 21457906, 32652755, 29253894, 29987491,2,0,4171C>A
24,44,4298,G,A,NA,-,+,CPEO / MS,Cfrm,9473477, 17886296, 31965079, 12655007, 16120360, 15477393, 10611123, 20064630, 19718780, 20164463,0,0,4298G>A
25,45,4300,A,G,NA,+,+,MICM,Cfrm,7646516, 10065021, 23847141, 34146515, 12711217, 12655007, 12767666, 15477393, 20064630, 10334428,0,0,4300A>G
26,240,4308,G,A,NA,-,+,CPEO,Cfrm,31965079, 21292040, 20884012,0,0,4308G>A
27,49,4332,G,A,NA,-,+,Encephalopathy / MELAS,Cfrm,11335700, 11171912, 20064630, 19718780,0,0,4332G>A
28,53,4450,G,A,NA,-,+,Myopathy / MELAS / Leigh Syndrome,Cfrm,9384601, 11335700, 30739820, 30952460,0,0,4450G>A
29,54,5521,G,A,NA,-,+,Mitochondrial myopathy,Cfrm,9673981, 10611124, 23847141, 29253894, 31965079, 23841600,0,0,5521G>A
30,55,5537,A,AT,NA,-,+,Leigh Syndrome,Cfrm,9266739, 10862082, 12776230, 31965079, 14681757, 20064630,0,0,5537A>AT
31,151,5650,G,A,NA,-,+,Myopathy,Cfrm,17825557, 25652200, 29253894, 27626666, 30250142, 34050192, 11715067, 19718780, 32970680,1,0,5650G>A
32,295,5690,A,G,NA,-,+,CPEO+ptosis+proximal myopathy,Cfrm,23696415, 23847141,0,0,5690A>G
33,61,5703,G,A,NA,-,+,CPEO / MM,Cfrm,8254046, 9372914, 14518831, 20064630, 19718780, 31268906, 30897601, 32419253, 32970680,1,0,5703G>A
34,138,5728,T,C,NA,-,+,Multiorgan failure / myopathy,Cfrm,23847141, 31965079, 16908752, 31026515,1,0,5728T>C
35,134,7445,A,G,NA,+,+,SNHL,Cfrm,8019558, 7987332, 7994888, 9247714, 9450881, 9742104, 10936107, 10220138, 18674747, 31965079, 12655418, 10905659, 10577941, 8572257, 15126302, 15694374, 10760311, 16361254, 11691920, 15477393, 18402672, 16132471, 11175301, 10633132, 18537605, 11215518, 15292920, 20064630, 17489842, 21621438, 29605341, 29921456, 29934116, 25968158, 32169613, 22538251,1,0,7445A>G
36,89,7445,A,G,term514term,+,+,SNHL,Cfrm,18402672, 15694374, 15477393, 11691920, 16361254, 10760311, 21621438, 29253894, 8019558, 7987332, 29934116, 9450881, 29921456, 16132471, 10577941, 10220138, 11215518, 20064630, 15292920, 9247714, 9742104, 29605341, 11175301, 15126302, 7994888, 8572257, 10905659, 10936107, 10633132, 18674747, 18537605, 12655418,1,0,7445A>G
37,65,7471,C,CC,NA,+,+,PEM / AMDF / Motor neuron disease-like,Cfrm,7581383, 9708714, 9778262, 9832034, 9778273, 11378827, 11919191, 10220138, 20722495, 23847141, 31965079, 10094190, 10905659, 15126302, 15382008, 10760311, 15477393, 16368237, 15833431, 15482956, 18398437, 10545608, 18977334, 17637808, 11215518, 15292920, 20064630, 17489842, 19718780, 22538251, 32504279, 34467602,7,0.01,7471C>CC
38,66,7497,G,A,NA,+,+,MM / EXIT,Cfrm,9778262, 29253894, 31965079, 14605505, 15477393, 16199753, 20064630, 22781547,1,0,7497G>A
39,67,7510,T,C,NA,-,+,SNHL,Cfrm,10978361, 12471220, 10905659, 15126302, 16361254, 18252214, 11215518, 15292920, 20064630, 17489842, 22781547, 23430555, 29299381, 32970680,1,0,7510T>C
40,68,7511,T,C,NA,+,+,SNHL/Deafness,Cfrm,10371545, 12461693, 31965079, 10905659, 14960712, 15126302, 15670746, 10760311, 16361254, 15477393, 18340555, 12172268, 17637808, 11215518, 15292920, 20064630, 17489842, 29257206, 28320335, 26279247, 25968158, 32169613, 22538251,2,0,7511T>C
41,308,8306,T,C,NA,-,+,Severe adult-onset multisymptom myopathy / Myoclonic epilepsy,Cfrm,23847141, 22925535, 29663531,0,0,8306T>C
42,73,8313,G,A,NA,-,+,MNGIE / Progressive mito cytopathy,Cfrm,9380435, 29253894, 12737626, 15477393, 15100439, 17620140, 19618438,1,0,8313G>A
43,232,8340,G,A,NA,-,+,Myopathy / Exercise Intolerance / Eye disease+SNHL,Cfrm,28729369, 19941338, 23376095, 23838278, 24161205, 29501485, 32970680,0,0,8340G>A
44,76,8344,A,G,NA,-,+,MERRF; Other - LD / Depressive mood disorder / leukoencephalopathy / HiCM,Cfrm [P*],1678125, 8041403, 8198140, 8454287, 8386419, 8388680, 8513395, 1674297, 1606473, 8447321, 1709275, 1487239, 8492942, 8428629, 1910259, 8228033, 1324294, 1661776, 2112427, 1962048, 8170567, 1431990, 8133313, 1910341, 8006688, 3180221, 8139569, 2124116, 1899320, 1334369, 7850981, 7837776, 7647790, 7603535, 1463006, 7603509, 7739567, 7882812, 7603536, 9365365, 9541428, 9384601, 9798744, 9883816, 9818878, 9851442, 8602753, 10426322, 11160915, 8622733, 10862082, 10939569, 10611124, 11335700, 11074292, 16947981, 15619607, 15317755, 15164143, 15683723, 17236134, 17886296, 17053148, 18674747, 16483543, 16815877, 16120315, 22411789, 23390135, 23297368, 25192510, 25652200, 26995359, 26404827, 29253894, 30674338, 31965079, 34146515, 12471464, 12661941, 12876264, 14639582, 14748908, 15893315, 15477393, 15100439, 10699170, 10942580, 17275787, 17653689, 7565871, 7735877, 17989367, 15466086, 8809026, 18319067, 18647627, 19370763, 16326995, 19266142, 19486129, 10753928, 20064630, 19941338, 20123042, 20581069, 18848389, 21473984, 8559379, 21935892, 19718780, 22577219, 22249460, 23376095, 23838278, 10716764, 24642831, 22781547, 29288969, 29139113, 23006856, 29390138, 30146801, 31178486, 31178476, 29650490, 31345444, 17323145, 24961732, 28754700, 30797798, 22538251, 25559684, 32504279, 24931247,4,0.01,8344A>G
45,79,8356,T,C,NA,-,+,MERRF,Cfrm,1361099, 8069654, 7739567, 16483543, 25192510, 31965079, 15477393, 15100439, 16132471, 20064630, 20610441, 22538251,0,0,8356T>C
46,81,8363,G,A,NA,-,+,MICM+DEAF / MERRF / Autism / Leigh Syndrome / Ataxia+Lipomas,Cfrm,8651277, 9052804, 9932960, 21263444, 25192510, 31965079, 10868777, 11108511, 15477393, 15100439, 18176892, 18319067, 15554876, 10102446, 19278689, 19370763, 16326995, 20064630, 19718780, 29983856, 25909222, 22538251,0,0,8363G>A
47,233,8528,T,C,ATP8:W55R ATP6:M1T,+,+,Infantile cardiomyopathy,Cfrm,26803244, 21457906, 34298071, 19188198, 30763462,0,0,8528T>C
48,319,8969,G,A,S148N,-,+,Mitochondrial myopathy, lactic acidosis and sideroblastic anemia (MLASA) / IgG nephropathy,Cfrm,27812026, 27450679, 29350304, 30763462, 25037980,1,0,8969G>A
49,26,8993,T,G,L156R,+,+,NARP / Leigh Disease / MILS / other,Cfrm [P*],19875463, 16525806, 18496570, 16337222, 17452590, 9556461, 18241671, 9222207, 27450679, 8240109, 8042671, 10862082, 10889120, 19433277, 16532470, 8435424, 10611124, 16542579, 28754700, 31276579, 29101127, 28429146, 2137962, 19144360, 19669818, 11925565, 17276742, 29850888, 23301511, 22241703, 10676807, 12372991, 11843698, 11371515, 11730668, 11751691, 20064630, 12134275, 32313153, 12404959, 16546428, 8750605, 19160410, 19667215, 17276738, 1539598, 11074292, 8250532, 27129022, 15694179, 19370763, 1436530, 14998933, 20123042, 15647368, 19747204, 26725255, 17323145, 25152966, 18620007, 31187502, 31996241, 32042921, 1550128, 8476414, 8078883, 30763462, 14748908, 29980632, 8751860, 16050991, 33717984, 8505474, 10660580, 15753359, 25009317, 9568930, 16639504, 9329425, 34829316, 11076946, 9199572, 33600551, 17403843, 17568559, 17886296, 7529982, 17545557, 9858860, 25192510, 17257906, 18261463, 18413591, 17518546, 17170133, 34080141, 18674747, 16402916, 18850577, 30461153, 16483543, 29224958, 18647627, 20471050, 30369864, 11331900, 18402672, 21457906, 20854934, 27000225, 7605802, 21550418, 20138159, 27450367, 25240982, 29602698, 10669202, 10590437, 8858707, 11453454, 21120938, 18256697, 29307858, 30768233, 30726454, 30379275, 29253894, 22080835, 7798979, 26404827, 28385333, 7603783, 27466392, 29452638, 23297368, 15282179, 29587845, 28385334, 10611123, 19891062, 29983856, 27919073, 8095070, 30095618, 27209570, 27206685, 24642831, 8602753, 8687192, 9870208, 8830176, 10426322, 10417290, 32220313, 9686360, 1442494, 10092618,6,0.01,8993T>G
50,27,8993,T,C,L156P,-,+,NARP / Leigh Disease / MILS / other,Cfrm [P*],26404827, 9701486, 29253894, 29512743, 18496570, 9870208, 25192510, 18620007, 19747204, 8687192, 31187502, 10222646, 18402672, 20123042, 33064405, 31996241, 17568559, 11074292, 15466086, 8395787, 8190310, 10862082, 32042921, 23297368, 19160410, 20064630, 17403843, 8602753, 21457906, 16532470, 30763462, 14748908, 30095618, 9762610, 29101127, 28429146, 9568930, 24153443, 30128709, 10467733, 33717984, 17323145, 19875463, 24642831, 10417290, 15324306, 18055910, 16049925,2,0,8993T>C
51,222,9035,T,C,L170P,+,+,Ataxia syndromes,Cfrm,31187502, 22577227, 30763462, 29467576, 19626676,0,0,9035T>C
52,392,9155,A,G,Q210R,-,+,MIDD, renal insufficiency,Cfrm,34961688, 27966441, 27450679,0,0,9155A>G
53,30,9176,T,G,L217R,+,+,Leigh Disease / Spastic Paraplegia / Spinocerebellar Ataxia,Cfrm,11731285, 19875463, 30763462, 29253894, 11119722, 11382202, 19160410, 15176724, 18402672, 29307858, 11245730,1,0,9176T>G
54,132,9185,T,C,L220P,+,+,Leigh Disease / Ataxia syndromes / NARP-like disease / Episodic weakness and Charcot-Marie-Tooth,Cfrm,20546952, 31996241, 31187502, 24316278, 21473984, 21457906, 22933740, 27290639, 25548692, 29253894, 30763462, 29467576, 18620007, 28429146, 16217706, 19747204, 17352390, 18461509, 22577227, 29756269, 33717984, 24153443, 34329598, 28132834, 27783406, 30461153, 29228836, 31500933, 29116603, 30128709, 23847141, 32042921, 28754700,3,0.01,9185T>C
55,83,9205,TA,:,Ter-M,+,-,Encephalopathy / Seizures / Lacticacidemia,Cfrm,18221507, 12915481, 14585098, 16326995, 8739943, 18620007, 30763462, 15265003, 24667782,0,0,9205TA>:
56,84,10010,T,C,NA,-,+,PEM,Cfrm,9199564, 17886296, 23847141, 25652200, 16120360, 11971101, 15477393, 10611123, 20064630, 26469001, 32948797,0,0,10010T>C
57,82,10158,T,C,S34P,+,+,Leigh Disease / MELAS,Cfrm [P*],30128709, 18402672, 30095618, 14705112, 21364701, 29500099, 24642831, 29054334, 28916229, 32371897, 28522224, 20972245, 27914863, 27742419, 21457906, 15372108, 22115768, 14764913, 28050007, 14684687, 31996177, 18977334, 15972314, 28883258, 28429146, 15576045, 17152068, 29987491, 29237403, 32504279, 20064630,0,0,10158T>C
58,37,10191,T,C,S45P,-,+,Leigh Disease / Leigh-like Disease / ESOC,Cfrm,18402672, 18977334, 30095618, 21457906, 15576045, 14684687, 24642831, 17413873, 17535832, 23847141, 28429146, 27450679, 20064630, 15972314, 20972245, 14705112, 19617458, 31261379, 21364701, 17152068, 16023078, 29987491, 11456298, 30461153, 30128709, 20226758, 16044424,0,0,10191T>C
59,157,10197,G,A,A47T,+,+,Leigh Disease / Dystonia / Stroke / LDYT,Cfrm,30978515, 30128709, 18977334, 30461153, 20064630, 28429146, 17152068, 18800376, 15372108, 17413873, 19458970, 30095618, 30899856, 30978516, 30199507, 32045392, 21364701, 11130070, 20972245, 29253894, 21978175, 12509511,4,0.01,10197G>A
60,38,10663,T,C,V65A,+,-,LHON,Cfrm,18402672, 24568867, 28991104, 29987491, 16523671, 29210930, 19001017, 21457906, 17003408, 20301353, 31817256, 8680405, 11935318, 29253894, 22879922, 15972314,2,0,10663T>C
61,77,11777,C,A,R340S,-,+,Leigh Disease,Cfrm,21457906, 15576045, 20502985, 16120329, 18402672, 24642831, 29428506, 20064630, 15972314, 12707444, 18977334, 30095618,0,0,11777C>A
62,41,11778,G,A,R340H,+,+,LHON / Progressive Dystonia,Cfrm,19247386, 8680405, 1937476, 8448903, 1866007, 8240101, 8457609, 8255489, 1895564, 2575667, 2817063, 1734726, 8023847, 8118464, 7901141, 8742999, 34670133, 2286378, 1770665, 8320863, 2222273, 1900003, 8213820, 35104579, 35190400, 1444915, 8240103, 8270249, 8024249, 8023848, 1763894, 2346190, 34915201, 34673906, 1959619, 8250088, 8103501, 1353825, 8474822, 1635296, 8449667, 8489411, 2039048, 8053461, 34667002, 2346203, 7916404, 8101084, 8401538, 8071952, 1575231, 8071960, 1770533, 2566116, 8240102, 8195807, 1977373, 1532593, 1352537, 2757028, 3201231, 8489402, 2566021, 1346348, 7617199, 7926004, 7707093, 27631475, 7853025, 10087740, 7770132, 29454364, 7611298, 11937918, 33477675, 7635294, 28647203, 28716668, 7603534, 7924787, 7821467, 32105823, 7832241, 7601652, 7649539, 7823072, 8165962, 7710535, 34417770, 7629530, 7617193, 7977345, 34415266, 34584057, 34310464, 7639060, 7735876, 7760326, 34122299, 34467602, 7814218, 7599218, 7801223, 7763260, 7612556, 9012411, 8659512, 31896800, 10976107, 32259370, 32504279, 11853713, 9125387, 29649796, 9302261, 32284191, 33451738, 34108929, 9541428, 9412783, 33911213, 9685604, 9541429, 9150158, 16331570, 32887465, 33584522, 32277753, 32220313, 32096343, 8662757, 32991388, 33159657, 32991883, 10413253, 33709232, 33185792, 12518276, 17122117, 4003041, 10520236, 29554000, 28314831, 8755941, 33706792, 10426138, 33552719, 11169561, 11754070, 27749593, 32704028, 10939569, 31776719, 10611124, 12402249, 12402246, 12436196, 12560876, 11074292, 12446713, 2390098, 32723871, 31932089, 32740724, 12464729, 30968497, 31584786, 12379308, 16083845, 9175737, 15033723, 29980632, 16431939, 31718067, 27119776, 16532388, 29189152, 16380918, 28650878, 31817256, 31226990, 11579587, 28640805, 29387390, 21145289, 17886296, 30597069, 27427386, 19015050, 18216301, 30831606, 18674747, 29955763, 30516647, 18771762, 30936345, 30304398, 11339587, 20728388, 17197509, 20471050, 21253496, 11001192, 17573650, 17296905, 19710181, 19525327, 19936068, 20837795, 20435583, 29133642, 15883259, 31040363, 21414825, 21788663, 21810891, 20628600, 20625049, 16083844, 18235013, 20491810, 22039503, 22110754, 22194643, 30572950, 15342361, 20019878, 22410442, 28392196, 21859767, 15629832, 29427840, 15629831, 30558558, 22523243, 21887510, 23297368, 7745422, 29587845, 25909222, 29983856, 24369379, 29890302, 28219504, 26606867, 27721048, 29047345, 29116953, 27787713, 23847141, 29049835, 27177320, 25192510, 25053773, 27746671, 26438859, 26647310, 26605371, 25338955, 25342621, 24457989, 24525545, 27127184, 26410888, 27159682, 27426279, 20301353, 24404670, 22108605, 22669418, 26959136, 27847334, 28040497, 15282179, 28233183, 28481993, 20632027, 28093355, 26404827, 29253894, 21397051, 21694444, 17204919, 16044424, 12815198, 21457906, 27071925, 12807863, 30081212, 29428506, 28991104, 28994349, 30369864, 18848389, 20111055, 15720387, 31727544, 26892229, 32516135, 21482521, 21063443, 32969847, 34168607, 19800080, 20407791, 16477364, 34146515, 20691156, 33298565, 18806273, 14750573, 12711217, 15026512, 16705513, 19255150, 11754915, 16148621, 14671420, 15126312, 19098324, 17292333, 15060117, 19726426, 20232220, 12409182, 20809775, 21067478, 20943885, 20454697, 20676915, 20211598, 14620678, 20599858, 19268652, 8867076, 8600429, 19001017, 14748908, 16120371, 20123042, 20064630, 18775412, 17942074, 11124301, 12888043, 10216058, 15707996, 11523562, 8931573, 15896721, 19319978, 16050984, 19370763, 18619472, 8941270, 16564802, 15972314, 17300996, 10545708, 16120317, 18647627, 16617593, 16624503, 16528519, 15728653, 15838728, 16972023, 17406640, 17003408, 16829155, 15282189, 19026397, 18676632, 18070226, 16120433, 11162998, 17366829, 17460303, 17479363, 10636656, 15548492, 12185132, 11331900, 17724295, 8556281, 12464728, 15804271, 17072496, 18320530, 18363168, 18214789,186,0.34,11778G>A
63,108,12147,G,A,NA,-,+,MERRF-MELAS / Encephalopathy,Cfrm,16483543, 31965079, 14967777, 15111688, 20064630, 19718780,0,0,12147G>A
64,286,12201,T,C,NA,-,+,Maternally inherited non-syndromic deafness,Cfrm,31965079, 21931169, 23463613, 31819004, 24920829, 33064405, 32169613, 22538251,1,0,12201T>C
65,90,12258,C,A,NA,-,+,DMDF / RP+SNHL,Cfrm,9792552, 10090882, 11938495, 15983868, 25652200, 29253894, 15126302, 17653689, 19718780,1,0,12258C>A
66,159,12276,G,A,NA,-,+,CPEO,Cfrm,23847141, 31965079, 15591266, 15649400,1,0,12276G>A
67,101,12294,G,A,NA,-,+,CPEO / EXIT+Ophthalmoplegia,Cfrm,14581685, 29052516,0,0,12294G>A
68,93,12315,G,A,NA,-,+,CPEO / KSS / possible carotid atherosclerosis risk, trend toward myocardial infarction risk,Cfrm,9361028, 8923013, 10332036, 31965079, 12398839, 18977334, 20064630, 19718780, 28951770, 23631826, 29670672, 23395464, 23874496, 25834827, 31540444,0,0,12315G>A
69,165,12316,G,A,NA,-,+,CPEO,Cfrm,23847141, 18603265,0,0,12316G>A
70,84,12706,T,C,F124L,-,+,Leigh Disease,Cfrm,18402672, 23847141, 17317336, 31996177, 30095618, 21457906, 20064630, 21364701, 11938446, 32652755, 14684687, 15972314,0,0,12706T>C
71,156,13042,G,A,A236T,-,+,Optic neuropathy/ retinopathy/ LD,Cfrm,29253894, 21457906, 15382008, 16816025, 31996177, 15767514, 17400793, 18332249,1,0,13042G>A
72,126,13051,G,A,G239S,+,-,LHON,Cfrm,12736867, 27164671, 32652755,0,0,13051G>A
73,191,13094,T,C,V253A,+,+,Ataxia+PEO / MELAS, LD, LHON, myoclonus, fatigue,Cfrm,33763872, 29479304, 21364701, 22577219, 28429146, 18977334, 31226990, 29506874, 34135385, 22249460, 29987491,1,0,13094T>C
74,519,13379,A,G,H348R,+,-,LHON,Cfrm,34177762, 31669237,0,0,13379A>G
75,45,13513,G,A,D393N,-,+,Leigh Disease / MELAS / LHON-MELAS Overlap Syndrome / negative association w Carotid Atherosclerosis,Cfrm [P*],21457906, 27919073, 24642831, 15972314, 25192510, 21364701, 27450679, 23847141, 28951770, 30095618, 24667782, 29228836, 29670672, 23874496, 18977334, 30128709, 16483543, 30461153, 18674747, 33717984, 31669237, 31996177, 30950033, 28429146, 15576045, 10908920, 12624137, 11198278, 24931247, 10589546, 32220313, 33746872, 9299505, 18332249, 19617458, 20064630, 19370763, 15382008, 14730434, 19268652, 14520659, 17400793, 23010433, 18495510, 18402672, 34146515, 19054921, 20408961, 21174521, 20972245, 29428506,1,0,13513G>A
76,46,13514,A,G,D393G,-,+,Leigh Disease / MELAS / Ca2+ downregulation,Cfrm,20064630, 15972314, 20972245, 18332249, 18402672, 32504279, 18977334, 29987491, 15576045, 14684687, 21712854, 23847141, 11198278, 26206091, 15521990, 30095618,0,0,13514A>G
77,50,14453,G,A,A74V,-,+,MELAS / Leigh Disease,Cfrm,32552696, 11781695, 15972314, 21457906, 24642831, 21364701, 29987491, 33644659, 32652755, 34933128,0,0,14453G>A
78,51,14459,G,A,A72V,+,+,LDYT / Leigh Disease / dystonia / carotid atherosclerosis risk,Cfrm [P*],29408632, 18402672, 29987491, 30095618, 14735585, 31221418, 23874496, 29253894, 25834827, 21457906, 28951770, 8680405, 12205655, 10894222, 23847141, 22879922, 8016139, 10426138, 32045392, 10072046, 19714555, 21749722, 20301353, 15126312, 14520659, 32220313, 21067478, 14735584, 29670672, 19268652, 19001017, 20064630, 15972314, 21364701, 28429146, 7760326, 30128709, 8622678, 7654063, 33717984, 30461153, 18674747,3,0.01,14459G>A
79,53,14482,C,G,M64I,+,+,LHON,Cfrm,21887510, 8742999, 20301353, 9443868, 15972314, 18402672, 29987491, 20064630,0,0,14482C>G
80,52,14482,C,A,M64I,+,+,LHON,Cfrm,22879922, 18402672, 15972314, 17122117, 12112086, 29253894, 12150954, 11931086, 21457906, 29987491, 20301353, 19001017, 16532388, 19319978,2,0,14482C>A
81,54,14484,T,C,M64V,+,+,LHON,Cfrm,28233183, 27721048, 27787713, 15483043, 18344382, 8680405, 17334960, 15635488, 18320530, 1732158, 33101779, 12464728, 8742999, 11331900, 34670133, 8470982, 8213820, 35104579, 15548492, 1417830, 17479363, 11504997, 11450909, 16120433, 34915201, 1463007, 34673906, 18070226, 8071952, 7853025, 15282189, 29454364, 16829155, 17406640, 16972023, 7770132, 7611298, 33477675, 7604366, 7635294, 28716668, 32105823, 7821467, 7823072, 34415266, 7977345, 19394449, 18440284, 16120317, 7735876, 34122299, 7760326, 16806060, 15972314, 10545708, 8941270, 16564802, 7599218, 15954041, 16050984, 19370763, 7612556, 19319978, 8931573, 11523562, 9012411, 8659531, 8659512, 10976107, 11124301, 17942074, 9484365, 11853713, 9339703, 20064630, 20123042, 15467980, 9302261, 14748908, 19001017, 28455970, 33911213, 9412783, 19268652, 20599858, 20211598, 9150158, 9177303, 33584522, 20943885, 32220313, 21067478, 20809775, 15060117, 12724691, 17292333, 19733221, 17403843, 15126312, 19098324, 9852675, 17452034, 14671420, 32991388, 15272763, 19255150, 12711217, 8533781, 18806273, 33159657, 10072046, 32991883, 12518276, 33360266, 34168607, 19800080, 17122117, 20976138, 10520236, 28314831, 7877803, 19247386, 33706792, 8755941, 33552719, 31619780, 31619779, 10426138, 15720387, 11754070, 32704028, 31776719, 18402672, 30369864, 28994349, 28991104, 29428506, 30081212, 12807863, 11938495, 27071925, 12112086, 12205655, 12436196, 21457906, 12446713, 31932089, 12464729, 12749053, 12827453, 12379308, 16083845, 15033723, 21694444, 29253894, 21397051, 29980632, 16523671, 26404827, 29189152, 16532388, 16380918, 28481993, 28040497, 15282179, 21685233, 27847334, 31817256, 11579587, 29387390, 29249004, 17886296, 18214789, 18674747, 22258525, 23674761, 20074547, 11339587, 20471050, 21253496, 11001192, 19710181, 19525327, 19936068, 29133642, 20301353, 31040363, 15883259, 21788663, 21810891, 20628600, 27127184, 17894548, 18235013, 20491810, 22194643, 15342361, 22410442, 28392196, 25338955, 26605371, 21859767, 15629832, 27746671, 25053773, 15629831, 25192510, 27177320, 21887510, 25909222, 29983856, 29336589, 24369379, 23111160,64,0.12,14484T>C
82,81,14487,T,C,M63V,-,+,Dystonia / Leigh Disease / ataxia / ptosis / epilepsy,Cfrm,23813926, 16337195, 29987491, 34223155, 23010433, 23847141, 15972314, 16044424, 24126373, 21196529, 28122886, 21364701, 19103152, 18402672, 20064630, 26530508, 33706792, 14595656, 14520668, 15576045, 14684687, 30461153, 20972245, 30128709, 30095618, 18977334, 20019223, 21457906, 15625630, 17535832, 28429146, 19062322, 32162843,0,0,14487T>C
83,55,14495,A,G,L60S,-,+,LHON,Cfrm,33779865, 15972314, 21457906, 17122117, 19001017, 20301353, 29253894, 21397051, 22879922, 11133798, 16380918,2,0,14495A>G
84,57,14568,C,T,G36S,+,-,LHON,Cfrm,15972314, 20301353, 12150954, 22879922, 12324878, 9177303, 20064630, 19001017, 29253894, 10447650, 19319978,6,0.01,14568C>T
85,216,14674,T,C,NA,+,-,Reversible COX deficiency myopathy,Cfrm,8155739, 29253894, 31965079, 16150714, 19720722, 21194154, 32970680, 33128823,10,0.02,14674T>C
86,95,14709,T,C,NA,+,+,MM+DMDF / Encephalomyopathy / Dementia+diabetes+ophthalmoplegia,Cfrm,7726154, 7726155, 9353617, 11938495, 12393175, 10392369, 10220138, 15880407, 15983868, 17886296, 25652200, 29253894, 31965079, 15126302, 11437868, 15048886, 15607216, 17653689, 20045353, 20064630, 22577219, 22249460, 19199242, 32313153, 23301511, 26469001, 32948797, 22538251,1,0,14709T>C
87,155,14710,G,A,NA,-,+,Encephalomyopathy + Retinopathy,Cfrm,23847141, 31965079, 11506394, 15670724, 20064630, 19718780,0,0,14710G>A
88,61,14849,T,C,S35P,-,+,EXIT / Septo-Optic Dysplasia,Cfrm,21457906, 20544923, 11891837,0,0,14849T>C
89,79,15579,A,G,Y278C,-,+,Multisystem Disorder, EXIT,Cfrm,23418307, 11601507, 21457906, 32652755, 23376095,0,0,15579A>G
90,100,15990,C,T,NA,-,+,MM / PEO,Cfrm,8190311, 7689388, 9421512, 19718780, 32305257,0,0,15990C>T
